CustomerID,first_name,last_name,email,gender
1,Brandon,Bletsor,bbletsor0@privacy.gov.au,Male
2,Carolynn,Sambath,csambath1@yandex.ru,Female
3,Brant,Pratten,bpratten2@free.fr,Male
4,Ermina,Valentine,evalentine3@flickr.com,Female
5,Benoite,McCallion,bmccallion4@shinystat.com,Female
6,Neill,Driussi,ndriussi5@amazon.co.uk,Male
7,Gillan,Simnell,gsimnell6@cnn.com,Female
8,Rosamund,Garment,rgarment7@nydailynews.com,Female
9,Darn,Kennerknecht,dkennerknecht8@time.com,Male
10,Francesca,Ilewicz,filewicz9@instagram.com,Female
11,Titus,Strutz,tstrutza@columbia.edu,Genderqueer
12,Gerald,Winny,gwinnyb@naver.com,Male
13,Jermayne,Mulcahy,jmulcahyc@edublogs.org,Male
14,Aundrea,Cassely,acasselyd@list-manage.com,Female
15,Cherilyn,Ashlin,cashline@goo.ne.jp,Agender
16,Jeannette,Bloxam,jbloxamf@nydailynews.com,Female
17,Addison,Hultberg,ahultbergg@sina.com.cn,Genderqueer
18,Pembroke,Bellord,pbellordh@pinterest.com,Male
19,Agnola,Ruffey,aruffeyi@tmall.com,Female
20,Rafaellle,Perott,rperottj@dell.com,Male
21,Hazel,Reiach,hreiachk@toplist.cz,Female
22,Wilie,Allkins,wallkinsl@imdb.com,Female
23,Augustin,Leverich,aleverichm@google.nl,Male
24,Dory,Quick,dquickn@netscape.com,Female
25,Robbin,Marmion,rmarmiono@java.com,Bigender
26,Sarita,Gatland,sgatlandp@opensource.org,Female
27,Carree,Snepp,csneppq@apache.org,Female
28,Jocelin,Esby,jesbyr@admin.ch,Female
29,Brok,Rumming,brummings@furl.net,Male
30,Arlan,Lumley,alumleyt@1und1.de,Male
31,Lou,Corish,lcorishu@cloudflare.com,Female
32,Demetrius,Trimming,dtrimmingv@privacy.gov.au,Male
33,Thorndike,Coltan,tcoltanw@gov.uk,Male
34,Etan,Bassill,ebassillx@1und1.de,Male
35,Johnna,Runcieman,jrunciemany@google.com.hk,Female
36,Gwenny,Kurt,gkurtz@nyu.edu,Female
37,Stanwood,De Maria,sdemaria10@state.gov,Male
38,Brigida,Bray,bbray11@storify.com,Female
39,Gram,Ing,ging12@furl.net,Male
40,Hayward,Mantrup,hmantrup13@wikispaces.com,Male
41,Elmo,Chelley,echelley14@guardian.co.uk,Male
42,Kirk,Bartosik,kbartosik15@shinystat.com,Male
43,Eadith,Fearn,efearn16@senate.gov,Female
44,Abdul,Kloster,akloster17@topsy.com,Male
45,Horton,Hartley,hhartley18@themeforest.net,Male
46,Aylmer,Deeth,adeeth19@gmpg.org,Male
47,Sorcha,Deniskevich,sdeniskevich1a@adobe.com,Polygender
48,Henriette,Tisun,htisun1b@barnesandnoble.com,Female
49,Sophie,Godspeede,sgodspeede1c@comsenz.com,Female
50,Chelsea,Whate,cwhate1d@twitpic.com,Female
51,Orly,Dudney,odudney1e@ucla.edu,Female
52,Anastasia,Highman,ahighman1f@drupal.org,Female
53,Toinette,Pawlett,tpawlett1g@fc2.com,Female
54,Jamey,Trunchion,jtrunchion1h@adobe.com,Male
55,Sallee,Aleksankin,saleksankin1i@surveymonkey.com,Female
56,Kattie,Claxson,kclaxson1j@alibaba.com,Polygender
57,Annnora,MacIan,amacian1k@dyndns.org,Female
58,Linnell,Guirau,lguirau1l@google.cn,Female
59,Missie,McCormack,mmccormack1m@ucsd.edu,Female
60,Pincas,Petrello,ppetrello1n@mayoclinic.com,Male
61,Dyana,Batram,dbatram1o@ask.com,Female
62,Parke,Gommes,pgommes1p@parallels.com,Male
63,Patrizius,Keighly,pkeighly1q@yellowpages.com,Male
64,Esme,Shambrooke,eshambrooke1r@smugmug.com,Genderqueer
65,Clayborne,Newlan,cnewlan1s@comsenz.com,Male
66,Abel,Stollenwerck,astollenwerck1t@pbs.org,Male
67,Belicia,Staterfield,bstaterfield1u@dailymotion.com,Female
68,Danielle,Cuncliffe,dcuncliffe1v@people.com.cn,Female
69,Dorette,O' Mahony,domahony1w@telegraph.co.uk,Female
70,Harmonia,Flexman,hflexman1x@blogs.com,Female
71,Lee,Pinckney,lpinckney1y@forbes.com,Female
72,Ilsa,Leeming,ileeming1z@altervista.org,Genderqueer
73,Dorian,Aynsley,daynsley20@usgs.gov,Female
74,Jeniffer,McDougal,jmcdougal21@twitter.com,Female
75,Benjie,Richardt,brichardt22@cdc.gov,Male
76,Carver,McCroary,cmccroary23@tinypic.com,Male
77,Rickey,Van der Brug,rvanderbrug24@parallels.com,Male
78,Rick,Bleier,rbleier25@alibaba.com,Male
79,Adolphe,Nears,anears26@dailymail.co.uk,Male
80,Lemar,Howlin,lhowlin27@linkedin.com,Male
81,Josiah,Pedrocco,jpedrocco28@youtube.com,Male
82,Jehu,Marchant,jmarchant29@usgs.gov,Male
83,Hayley,Mothersole,hmothersole2a@guardian.co.uk,Female
84,Donnamarie,Waddilow,dwaddilow2b@hubpages.com,Female
85,Alfredo,Thebe,athebe2c@360.cn,Male
86,Ambrose,Andreia,aandreia2d@usgs.gov,Polygender
87,Vaughn,Elener,velener2e@oracle.com,Male
88,Babita,Vispo,bvispo2f@cbslocal.com,Female
89,Rhea,Gaitone,rgaitone2g@nationalgeographic.com,Female
90,Hunfredo,Moyne,hmoyne2h@accuweather.com,Male
91,D'arcy,Ginglell,dginglell2i@bravesites.com,Male
92,Erna,Wardroper,ewardroper2j@sourceforge.net,Female
93,Demeter,Flindall,dflindall2k@addthis.com,Genderfluid
94,Caresa,Acheson,cacheson2l@sciencedirect.com,Female
95,Tammie,Van Bruggen,tvanbruggen2m@japanpost.jp,Male
96,Timmie,Branch,tbranch2n@vistaprint.com,Female
97,Kirstyn,De Dei,kdedei2o@cam.ac.uk,Female
98,Clarabelle,Larmour,clarmour2p@myspace.com,Female
99,Emery,Blockley,eblockley2q@example.com,Male
100,Emanuel,Cess,ecess2r@buzzfeed.com,Male
