EmployeeID,FullName,email,Job_Title,Department,gender,Salary
1,Helga Liddon,hliddon0@lulu.com,Assistant Manager,Human Resources,Female,843509
2,Baryram Meece,bmeece1@bbc.co.uk,Developer III,Accounting,Male,312512
3,Gordy Courvert,gcourvert2@instagram.com,Engineer III,Training,Male,219988
4,Archibaldo Richichi,arichichi3@w3.org,Nurse,Human Resources,Male,465681
5,Ralph Sleany,rsleany4@elegantthemes.com,Teacher,Business Development,Male,773025
6,Meghan Menichini,mmenichini5@issuu.com,Senior Quality Engineer,Services,Female,350258
7,Jillana Rides,jrides6@army.mil,Project Manager,Business Development,Female,872816
8,Gilligan Grellis,ggrellis7@hatena.ne.jp,Chemical Engineer,Support,Female,990479
9,Brianna Slatten,bslatten8@mozilla.com,Human Resources Assistant IV,Sales,Female,412504
10,Jeremy Earwaker,jearwaker9@ft.com,Director of Sales,Engineering,Male,984992
11,Klara Hodgon,khodgona@boston.com,Computer Systems Analyst II,Accounting,Female,35065
12,Sabina Weekland,sweeklandb@soundcloud.com,Automation Specialist II,Marketing,Female,833125
13,Camila Kleen,ckleenc@unblog.fr,Analyst Programmer,Research and Development,Female,312751
14,Aylmar Rudinger,arudingerd@ox.ac.uk,Administrative Officer,Human Resources,Male,981040
15,Court Fraschini,cfraschinie@livejournal.com,Web Designer III,Training,Male,571894
16,Alejandro Jankowski,ajankowskif@baidu.com,General Manager,Engineering,Male,275586
17,Nancey Bramley,nbramleyg@jiathis.com,Web Developer III,Product Management,Female,532450
18,Harwell Blacker,hblackerh@yahoo.co.jp,Web Designer IV,Engineering,Male,843701
19,Goran Kelsey,gkelseyi@about.me,Safety Technician IV,Marketing,Male,808253
20,Merle Grouvel,mgrouvelj@quantcast.com,Operator,Support,Female,87133
21,Rosie MacGiolla,rmacgiollak@flickr.com,Registered Nurse,Accounting,Female,982553
22,Jaye Kite,jkitel@topsy.com,Financial Advisor,Accounting,Male,505422
23,Ossie Siveyer,osiveyerm@nhs.uk,Senior Developer,Training,Male,582442
24,Kingsley Ferrarone,kferraronen@drupal.org,VP Sales,Sales,Male,431376
25,Norean Lumsden,nlumsdeno@dagondesign.com,Assistant Manager,Human Resources,Female,818012
26,Doreen Gamon,dgamonp@weibo.com,Systems Administrator II,Product Management,Female,956299
27,Stevana Walkinshaw,swalkinshawq@wikimedia.org,Geologist IV,Product Management,Female,25693
28,Francklin Paaso,fpaasor@cbslocal.com,Recruiting Manager,Legal,Male,410225
29,Horacio Gilardoni,hgilardonis@amazon.co.uk,Design Engineer,Training,Male,101203
30,Marv Thurske,mthursket@tripod.com,Web Designer I,Human Resources,Male,541276
31,Alessandro Apted,aaptedu@zdnet.com,Chief Design Engineer,Product Management,Male,883515
32,Carlo Breddy,cbreddyv@yelp.com,Recruiting Manager,Engineering,Male,188583
33,Kirby McKeady,kmckeadyw@pcworld.com,Compensation Analyst,Sales,Male,708227
34,Nicholas Gresley,ngresleyx@nsw.gov.au,Senior Financial Analyst,Business Development,Male,498386
35,Amalia Bathow,abathowy@weather.com,Registered Nurse,Product Management,Bigender,457153
36,Sanders Geri,sgeriz@pen.io,Software Consultant,Training,Male,807179
37,Munroe Collisson,mcollisson10@cornell.edu,Director of Sales,Services,Male,886027
38,Tabitha Kimbly,tkimbly11@cam.ac.uk,Safety Technician I,Product Management,Female,841787
39,Mavra Karpol,mkarpol12@ocn.ne.jp,Administrative Officer,Accounting,Female,976022
40,Claudell Brokenshaw,cbrokenshaw13@addthis.com,Speech Pathologist,Marketing,Male,502058
41,Farah Minton,fminton14@blinklist.com,Help Desk Operator,Training,Female,383787
42,Ginger Cloney,gcloney15@pen.io,Geologist I,Human Resources,Male,925562
43,Dorotea Lindermann,dlindermann16@t-online.de,Administrative Officer,Research and Development,Female,752995
44,Bartram Pescott,bpescott17@webnode.com,VP Sales,Business Development,Male,188487
45,Kirbie Gantley,kgantley18@myspace.com,Media Manager I,Services,Female,146988
46,Lincoln Yalden,lyalden19@prweb.com,Accountant IV,Marketing,Genderfluid,138728
47,Stanislaus Lusty,slusty1a@chron.com,Staff Scientist,Training,Male,825171
48,Saul Grimestone,sgrimestone1b@redcross.org,Nuclear Power Engineer,Services,Male,708856
49,Carolyne Grut,cgrut1c@google.fr,Clinical Specialist,Marketing,Female,656227
50,Jamil Glasscock,jglasscock1d@berkeley.edu,Physical Therapy Assistant,Support,Male,148819
51,Wiley Aindrais,waindrais1e@unicef.org,Mechanical Systems Engineer,Services,Male,291932
52,Darrick Cubbon,dcubbon1f@themeforest.net,Design Engineer,Business Development,Male,91268
53,Isadore Gatward,igatward1g@biglobe.ne.jp,Engineer IV,Engineering,Male,604124
54,Alano Delacourt,adelacourt1h@tmall.com,Nurse Practicioner,Legal,Male,649999
55,Cordell Lisciandro,clisciandro1i@woothemes.com,Associate Professor,Accounting,Male,440648
56,Jamey Bewshea,jbewshea1j@house.gov,Staff Scientist,Support,Male,678981
57,Willabella Curley,wcurley1k@t-online.de,Chemical Engineer,Accounting,Female,991208
58,Patin Pullar,ppullar1l@mashable.com,General Manager,Business Development,Male,827498
59,Gwendolen Goodale,ggoodale1m@barnesandnoble.com,Electrical Engineer,Accounting,Female,933634
60,Justis Acland,jacland1n@nbcnews.com,Media Manager III,Legal,Male,493981
61,Josh Laffranconi,jlaffranconi1o@comcast.net,Pharmacist,Marketing,Male,297076
62,Dorian Vannikov,dvannikov1p@geocities.com,Accountant I,Legal,Male,92911
63,Rouvin Dewicke,rdewicke1q@addtoany.com,Accounting Assistant III,Support,Male,682123
64,Laurel Toolan,ltoolan1r@cbslocal.com,Staff Scientist,Human Resources,Female,337478
65,Lona Bissell,lbissell1s@taobao.com,Senior Editor,Human Resources,Female,145290
66,Toma Espin,tespin1t@dailymotion.com,Administrative Assistant I,Product Management,Female,987670
67,Vidovik Izkovitch,vizkovitch1u@sitemeter.com,Sales Representative,Accounting,Male,31949
68,Andie Panichelli,apanichelli1v@vistaprint.com,Account Representative IV,Research and Development,Agender,474713
69,Jereme Hardage,jhardage1w@edublogs.org,Civil Engineer,Research and Development,Male,582351
70,Paten Jepp,pjepp1x@time.com,Financial Advisor,Training,Polygender,473852
71,Robert Rottcher,rrottcher1y@cmu.edu,VP Marketing,Marketing,Male,280945
72,Malia Stirley,mstirley1z@chron.com,Software Test Engineer II,Support,Female,87894
73,Cordell Chillingsworth,cchillingsworth20@yale.edu,Developer III,Business Development,Genderqueer,706212
74,Arin Whetnall,awhetnall21@naver.com,Dental Hygienist,Product Management,Male,326793
75,Debbie Ryley,dryley22@bing.com,Research Associate,Research and Development,Female,153739
76,Gare Fabb,gfabb23@a8.net,Software Engineer II,Legal,Male,516700
77,Brice Taylerson,btaylerson24@csmonitor.com,Senior Financial Analyst,Support,Male,924792
78,Iris Pendlebery,ipendlebery25@histats.com,Safety Technician III,Human Resources,Female,273576
79,Rip Adcock,radcock26@blogs.com,Compensation Analyst,Marketing,Male,709232
80,Camel Pentony,cpentony27@diigo.com,Senior Quality Engineer,Marketing,Female,825067
81,Arlinda Code,acode28@fotki.com,Biostatistician I,Services,Female,88045
82,Lorant Embling,lembling29@bigcartel.com,Cost Accountant,Services,Male,52505
83,Kevon Gainsbury,kgainsbury2a@etsy.com,Nurse Practicioner,Training,Male,78800
84,Kimmie Drife,kdrife2b@delicious.com,Automation Specialist II,Support,Female,879670
85,Ricky Trim,rtrim2c@booking.com,Compensation Analyst,Product Management,Male,894876
86,Laurene Osbaldstone,losbaldstone2d@adobe.com,Pharmacist,Accounting,Female,764056
87,Talbert Cunniffe,tcunniffe2e@123-reg.co.uk,Dental Hygienist,Business Development,Male,401535
88,Devin Balducci,dbalducci2f@google.pl,Office Assistant II,Sales,Male,624508
89,Natalina Shilton,nshilton2g@washington.edu,Actuary,Marketing,Female,219496
90,Carver Fairholme,cfairholme2h@tamu.edu,Safety Technician II,Accounting,Male,907436
91,Cesare Sherar,csherar2i@earthlink.net,VP Accounting,Legal,Male,570565
92,Blondie Deamer,bdeamer2j@mayoclinic.com,Analyst Programmer,Accounting,Female,525228
93,Osbourne Hardisty,ohardisty2k@sina.com.cn,Biostatistician IV,Business Development,Male,441629
94,Geri Chawkley,gchawkley2l@nhs.uk,Information Systems Manager,Training,Female,897079
95,Demetre Mahaddie,dmahaddie2m@ifeng.com,Research Associate,Support,Male,673278
96,Tawnya Ridder,tridder2n@engadget.com,Senior Quality Engineer,Sales,Female,609786
97,Olag Craigmile,ocraigmile2o@photobucket.com,Financial Analyst,Marketing,Male,644748
98,Amalee O'Fergus,aofergus2p@com.com,Librarian,Human Resources,Female,250920
99,Kennie Scudders,kscudders2q@slashdot.org,Analog Circuit Design manager,Research and Development,Male,218591
100,Jenine Tranfield,jtranfield2r@unblog.fr,Nuclear Power Engineer,Accounting,Female,996485
101,Kevon Ondra,kondra2s@marketwatch.com,Health Coach III,Business Development,Polygender,68525
102,Jewelle Blainey,jblainey2t@joomla.org,Media Manager II,Product Management,Female,299060
103,Hatty Happer,hhapper2u@geocities.com,Speech Pathologist,Business Development,Female,249600
104,Ashely Kynan,akynan2v@ehow.com,Help Desk Operator,Sales,Female,862447
105,Felicio Mulrean,fmulrean2w@storify.com,Web Developer II,Sales,Male,372954
106,Tommy January 1st,tjanuary2x@icio.us,Operator,Human Resources,Male,231825
107,Nert Bocock,nbocock2y@amazon.co.uk,Information Systems Manager,Engineering,Female,977459
108,Alfie Schutter,aschutter2z@dot.gov,Payment Adjustment Coordinator,Services,Male,237909
109,Kermie Carlile,kcarlile30@sourceforge.net,Quality Control Specialist,Human Resources,Male,336149
110,Porter Treadaway,ptreadaway31@utexas.edu,Account Representative II,Accounting,Male,457664
111,Barbe Charrette,bcharrette32@joomla.org,Statistician IV,Business Development,Female,135388
112,Ware Le Grove,wle33@rambler.ru,Tax Accountant,Marketing,Male,121530
113,Wilfred Demoge,wdemoge34@dailymotion.com,Web Developer II,Marketing,Male,507334
114,Consolata Dimmne,cdimmne35@bloglovin.com,Marketing Manager,Engineering,Female,150817
115,Odey Hazley,ohazley36@t-online.de,Systems Administrator III,Product Management,Genderfluid,615989
116,Saundra Nisius,snisius37@nydailynews.com,Editor,Training,Male,927402
117,Dominique Danbrook,ddanbrook38@nationalgeographic.com,Legal Assistant,Sales,Male,837471
118,Debbi Buxcy,dbuxcy39@unblog.fr,Chief Design Engineer,Marketing,Female,47641
119,Lenard Tallquist,ltallquist3a@jimdo.com,Software Engineer II,Engineering,Male,340315
120,Jacquetta Franca,jfranca3b@angelfire.com,Senior Editor,Product Management,Female,556343
121,Rudie Wickwar,rwickwar3c@mysql.com,Mechanical Systems Engineer,Legal,Male,918756
122,Hadleigh Fletham,hfletham3d@aboutads.info,Registered Nurse,Services,Male,473969
123,Kermit Bryning,kbryning3e@issuu.com,Software Test Engineer I,Legal,Genderqueer,234536
124,Bald Moulder,bmoulder3f@joomla.org,Analog Circuit Design manager,Legal,Male,987758
125,Carmine Dodell,cdodell3g@boston.com,Professor,Support,Male,427597
126,Renaldo Taffurelli,rtaffurelli3h@wikipedia.org,VP Product Management,Sales,Male,779490
127,Sharleen Ofer,sofer3i@trellian.com,Staff Scientist,Engineering,Female,702219
128,Wallie Hamnet,whamnet3j@slate.com,Account Representative III,Research and Development,Female,55398
129,Mamie Greenrde,mgreenrde3k@tinyurl.com,Human Resources Manager,Support,Female,304622
130,Letty Coch,lcoch3l@mapy.cz,Associate Professor,Accounting,Female,248868
131,Tiertza Joynson,tjoynson3m@java.com,Nuclear Power Engineer,Human Resources,Female,54501
132,Glenden Dilland,gdilland3n@mozilla.com,Assistant Professor,Engineering,Male,263465
133,Pierson Layson,playson3o@howstuffworks.com,Statistician II,Support,Male,466017
134,Genevieve Giacomasso,ggiacomasso3p@w3.org,Desktop Support Technician,Sales,Genderfluid,934623
135,Clemmy Guiet,cguiet3q@usa.gov,Product Engineer,Services,Male,845571
136,Ianthe Norcock,inorcock3r@ebay.co.uk,VP Quality Control,Support,Genderqueer,622376
137,Evonne Domone,edomone3s@pen.io,Registered Nurse,Services,Female,210709
138,Skipton Barling,sbarling3t@adobe.com,Director of Sales,Accounting,Male,42459
139,Eward Abramski,eabramski3u@baidu.com,Compensation Analyst,Accounting,Male,256547
140,Bonnibelle Foskew,bfoskew3v@yale.edu,Senior Financial Analyst,Support,Female,397414
141,Vin Joselson,vjoselson3w@soup.io,Marketing Manager,Human Resources,Female,87913
142,Quinn Rosenhaupt,qrosenhaupt3x@earthlink.net,VP Product Management,Services,Male,412396
143,Illa Skipper,iskipper3y@theglobeandmail.com,Community Outreach Specialist,Legal,Female,343358
144,Marjory Daintier,mdaintier3z@alexa.com,Electrical Engineer,Engineering,Female,991731
145,Roman Garvey,rgarvey40@sogou.com,Sales Representative,Marketing,Male,659766
146,Alessandro Calcutt,acalcutt41@naver.com,Human Resources Assistant I,Services,Male,818739
147,Klarika Lepoidevin,klepoidevin42@washingtonpost.com,Systems Administrator III,Support,Female,298080
148,Teriann Lodwig,tlodwig43@ustream.tv,Assistant Manager,Sales,Female,774154
149,Etti Giddy,egiddy44@fotki.com,Occupational Therapist,Product Management,Agender,368471
150,Eamon Gilkes,egilkes45@live.com,Assistant Professor,Legal,Male,307786
151,Ricard Akid,rakid46@ucsd.edu,Graphic Designer,Sales,Male,617717
152,Katrine Caldaro,kcaldaro47@biblegateway.com,Structural Engineer,Research and Development,Female,554271
153,Rheta Hasney,rhasney48@census.gov,Environmental Specialist,Engineering,Female,752455
154,Dulce Joules,djoules49@oracle.com,Senior Quality Engineer,Product Management,Female,164574
155,Alyssa Garza,agarza4a@engadget.com,Staff Accountant I,Research and Development,Female,509644
156,Batsheva Huchot,bhuchot4b@engadget.com,Nurse,Product Management,Female,93579
157,Leland Hun,lhun4c@house.gov,Systems Administrator III,Services,Male,255255
158,Rivy Ledingham,rledingham4d@ebay.com,Budget/Accounting Analyst III,Sales,Female,166692
159,Codie Twidle,ctwidle4e@sbwire.com,Occupational Therapist,Human Resources,Male,964968
160,Phelia Kohrt,pkohrt4f@aol.com,Programmer II,Accounting,Female,239360
161,Butch McTavy,bmctavy4g@51.la,Account Representative I,Marketing,Male,650370
162,Bev Bainton,bbainton4h@histats.com,Budget/Accounting Analyst II,Legal,Female,871698
163,Katy Beebee,kbeebee4i@seesaa.net,Senior Quality Engineer,Engineering,Female,927364
164,Englebert Glover,eglover4j@amazon.de,Engineer I,Marketing,Male,118438
165,Bev Frude,bfrude4k@psu.edu,Web Developer IV,Engineering,Male,696423
166,Gillie Ferreli,gferreli4l@ftc.gov,Legal Assistant,Product Management,Female,883539
167,Dun Rumney,drumney4m@sbwire.com,GIS Technical Architect,Support,Male,896962
168,Gustave MacAree,gmacaree4n@go.com,Assistant Professor,Sales,Male,774181
169,Reba Mulqueen,rmulqueen4o@scientificamerican.com,VP Accounting,Research and Development,Female,305991
170,Rogerio Alastair,ralastair4p@craigslist.org,Executive Secretary,Services,Male,58466
171,Pietrek Scrimshaw,pscrimshaw4q@merriam-webster.com,Sales Representative,Marketing,Male,70340
172,Austina Schirach,aschirach4r@1688.com,Nuclear Power Engineer,Business Development,Female,82464
173,Langston Brafield,lbrafield4s@freewebs.com,Data Coordinator,Accounting,Male,595907
174,Donni Gensavage,dgensavage4t@domainmarket.com,Internal Auditor,Support,Female,731306
175,Valle Wigley,vwigley4u@opera.com,Paralegal,Business Development,Male,478667
176,Xymenes Valde,xvalde4v@trellian.com,Paralegal,Services,Male,645613
177,Karina Hair,khair4w@constantcontact.com,Statistician II,Accounting,Female,755326
178,Cornelle Corro,ccorro4x@goo.ne.jp,Director of Sales,Support,Female,666601
179,Godfree Kirk,gkirk4y@sohu.com,Developer II,Business Development,Male,376716
180,Daveen Goodlife,dgoodlife4z@prweb.com,Legal Assistant,Marketing,Bigender,494490
181,Devin Andreichik,dandreichik50@trellian.com,Database Administrator I,Services,Female,722537
182,Jose Fortnon,jfortnon51@slideshare.net,Account Representative III,Product Management,Male,158524
183,Belinda Kingdon,bkingdon52@msn.com,Programmer Analyst II,Business Development,Female,60014
184,Randa Colleford,rcolleford53@stanford.edu,Financial Analyst,Accounting,Female,635165
185,Guinna Chill,gchill54@mysql.com,Geologist IV,Legal,Bigender,259659
186,Simonne Burberow,sburberow55@blinklist.com,Business Systems Development Analyst,Engineering,Female,162244
187,Amii Spender,aspender56@europa.eu,Budget/Accounting Analyst III,Training,Genderfluid,50421
188,Garfield Rangell,grangell57@mediafire.com,Design Engineer,Accounting,Male,954406
189,Cookie Apthorpe,capthorpe58@engadget.com,Pharmacist,Engineering,Female,197375
190,Burnaby Aleveque,baleveque59@dropbox.com,Senior Cost Accountant,Product Management,Male,916348
191,Aron Goodrum,agoodrum5a@nytimes.com,Physical Therapy Assistant,Sales,Male,840582
192,Ebeneser Jurca,ejurca5b@psu.edu,Staff Scientist,Human Resources,Male,494331
193,Laverna Hilliam,lhilliam5c@japanpost.jp,GIS Technical Architect,Marketing,Female,368105
194,Kissiah McGrae,kmcgrae5d@com.com,Engineer IV,Legal,Female,202781
195,Olympe Feige,ofeige5e@google.co.jp,Sales Associate,Services,Female,350535
196,Meryl Tandy,mtandy5f@hubpages.com,Structural Engineer,Accounting,Male,205829
197,Konstantin Strettell,kstrettell5g@furl.net,Operator,Business Development,Male,861292
198,Harlan Merryweather,hmerryweather5h@1688.com,VP Sales,Accounting,Male,226146
199,Horatia Bicker,hbicker5i@alexa.com,Teacher,Business Development,Female,613408
200,Ezequiel East,eeast5j@cdc.gov,Analyst Programmer,Product Management,Male,977656
201,Jo-anne Hardan,jhardan5k@ihg.com,Project Manager,Research and Development,Female,342218
202,Delmor Gowdridge,dgowdridge5l@abc.net.au,Information Systems Manager,Marketing,Male,169714
203,Alethea Leverich,aleverich5m@pbs.org,Data Coordinator,Engineering,Female,965906
204,Arleen D'Oyly,adoyly5n@multiply.com,VP Quality Control,Sales,Female,312672
205,Sharity Elie,selie5o@admin.ch,Health Coach II,Sales,Female,483450
206,Keene Furse,kfurse5p@mozilla.org,Environmental Specialist,Services,Male,525748
207,Jess Caudrey,jcaudrey5q@feedburner.com,Physical Therapy Assistant,Engineering,Female,925723
208,Arda O'Scannill,aoscannill5r@sourceforge.net,Sales Associate,Business Development,Female,809526
209,Norbie Gerrish,ngerrish5s@mozilla.org,Software Engineer I,Sales,Male,566036
210,Jodee Mulroy,jmulroy5t@businessinsider.com,Project Manager,Business Development,Female,814233
211,Charmane Gidden,cgidden5u@wordpress.org,Software Test Engineer I,Research and Development,Female,42131
212,Rosabelle Yurygyn,ryurygyn5v@google.com.br,Programmer II,Marketing,Female,259043
213,Eugenius Simpkiss,esimpkiss5w@dot.gov,Legal Assistant,Sales,Male,629033
214,Raynor Tibb,rtibb5x@sciencedirect.com,Legal Assistant,Marketing,Male,558812
215,Lotti Ovendale,lovendale5y@drupal.org,Environmental Specialist,Business Development,Female,101799
216,Farleigh Sailer,fsailer5z@delicious.com,Internal Auditor,Accounting,Male,111557
217,Sal Fitzsymonds,sfitzsymonds60@hubpages.com,Research Associate,Training,Bigender,991439
218,Grantley Jovasevic,gjovasevic61@hao123.com,Product Engineer,Sales,Male,891646
219,Babbette Daout,bdaout62@usatoday.com,Nuclear Power Engineer,Product Management,Female,749566
220,Taber Hourston,thourston63@whitehouse.gov,Product Engineer,Sales,Male,129131
221,Gerardo Niess,gniess64@vk.com,Graphic Designer,Marketing,Male,147769
222,Lodovico Geary,lgeary65@chronoengine.com,Technical Writer,Sales,Agender,932745
223,Clemmy Ros,cros66@ted.com,Food Chemist,Research and Development,Male,585678
224,Chlo Smithyman,csmithyman67@myspace.com,Research Assistant IV,Support,Female,840448
225,Timothea Denniss,tdenniss68@slashdot.org,Senior Cost Accountant,Training,Female,359614
226,Rutter Everit,reverit69@sphinn.com,Financial Analyst,Business Development,Male,459160
227,Heloise Gilliat,hgilliat6a@behance.net,Clinical Specialist,Product Management,Female,823749
228,Anatollo Wittman,awittman6b@cbc.ca,Chief Design Engineer,Accounting,Male,590427
229,Tomi Deinert,tdeinert6c@hostgator.com,Recruiting Manager,Engineering,Female,800428
230,Shaina Stoeckle,sstoeckle6d@ftc.gov,Administrative Assistant II,Support,Female,616008
231,Patricio MacRedmond,pmacredmond6e@google.com.au,Biostatistician I,Human Resources,Male,785417
232,Leonelle Galler,lgaller6f@dot.gov,General Manager,Product Management,Female,313184
233,Kacey Ginley,kginley6g@networksolutions.com,Account Coordinator,Engineering,Female,721585
234,Inigo Decourt,idecourt6h@posterous.com,Analog Circuit Design manager,Engineering,Male,570254
235,Deloria Rowes,drowes6i@berkeley.edu,Technical Writer,Business Development,Female,210596
236,Nelie Scholtis,nscholtis6j@toplist.cz,Assistant Manager,Research and Development,Female,764593
237,Yardley Prettejohns,yprettejohns6k@netvibes.com,Information Systems Manager,Research and Development,Agender,987620
238,Kennedy Mennithorp,kmennithorp6l@examiner.com,General Manager,Business Development,Male,125349
239,Delores Oubridge,doubridge6m@wired.com,Analyst Programmer,Business Development,Female,303455
240,Andrej Ninnis,aninnis6n@ameblo.jp,Business Systems Development Analyst,Engineering,Male,190690
241,Keen Ledger,kledger6o@intel.com,Help Desk Technician,Accounting,Male,783050
242,Farris Shutte,fshutte6p@cnn.com,Nuclear Power Engineer,Research and Development,Male,682473
243,Byrann De Gregorio,bde6q@google.fr,Help Desk Operator,Services,Male,147849
244,Elias Busher,ebusher6r@edublogs.org,Environmental Specialist,Sales,Genderqueer,416675
245,Hazel Ewbanck,hewbanck6s@mysql.com,Sales Associate,Training,Female,922852
246,Rabbi Rizzelli,rrizzelli6t@fotki.com,Developer IV,Support,Male,631293
247,Milli Duxbarry,mduxbarry6u@smugmug.com,Sales Associate,Training,Female,851662
248,Moise Clemerson,mclemerson6v@bbc.co.uk,Systems Administrator IV,Support,Male,65854
249,Winifred Skentelbury,wskentelbury6w@jiathis.com,Nurse,Sales,Female,301209
250,Olly Gillingwater,ogillingwater6x@elpais.com,Associate Professor,Training,Female,867116
251,Cal Gilmour,cgilmour6y@accuweather.com,Tax Accountant,Human Resources,Male,554081
252,Jerrilee Attwoul,jattwoul6z@livejournal.com,Accounting Assistant IV,Research and Development,Female,843532
253,Donnell Grimbaldeston,dgrimbaldeston70@flickr.com,Help Desk Operator,Research and Development,Male,180698
254,Jo Hullbrook,jhullbrook71@vimeo.com,VP Product Management,Business Development,Male,972417
255,Claudine Beckson,cbeckson72@is.gd,Desktop Support Technician,Engineering,Female,961679
256,Albrecht Glayzer,aglayzer73@adobe.com,Project Manager,Sales,Male,961199
257,Holly-anne Squibb,hsquibb74@ucla.edu,Systems Administrator IV,Support,Female,770847
258,Elly Albion,ealbion75@homestead.com,Nurse Practicioner,Marketing,Female,864943
259,Yorke Digges,ydigges76@opensource.org,Accounting Assistant II,Product Management,Male,362245
260,Minni Killingworth,mkillingworth77@nih.gov,Teacher,Research and Development,Genderfluid,39061
261,Cory Loker,cloker78@cafepress.com,Editor,Product Management,Male,372508
262,Thibaut Dominy,tdominy79@census.gov,Analyst Programmer,Marketing,Male,729664
263,Chandal Heritege,cheritege7a@wikispaces.com,Chief Design Engineer,Accounting,Female,540628
264,Bartholomew Matys,bmatys7b@amazonaws.com,Operator,Services,Male,583707
265,Forest Gilfether,fgilfether7c@people.com.cn,Civil Engineer,Accounting,Male,104156
266,Katusha Aitken,kaitken7d@sbwire.com,Developer I,Human Resources,Female,117564
267,Alaric Load,aload7e@apache.org,Software Consultant,Product Management,Male,868966
268,Coleen Durnill,cdurnill7f@wisc.edu,Accountant III,Engineering,Female,693682
269,Judah Busson,jbusson7g@linkedin.com,Developer III,Accounting,Male,505099
270,Greg Baggarley,gbaggarley7h@hostgator.com,Assistant Media Planner,Training,Male,69592
271,Jephthah Trudgian,jtrudgian7i@google.com,Structural Engineer,Marketing,Male,594835
272,Carey Fairbrother,cfairbrother7j@51.la,Office Assistant IV,Training,Male,127937
273,Andrey Phateplace,aphateplace7k@com.com,Community Outreach Specialist,Engineering,Male,535387
274,Etta Males,emales7l@paginegialle.it,Nurse Practicioner,Accounting,Female,995400
275,Greggory Giacovazzo,ggiacovazzo7m@marketwatch.com,Account Executive,Support,Male,770167
276,Patience Beedie,pbeedie7n@mapquest.com,GIS Technical Architect,Business Development,Female,553734
277,Parker Sympson,psympson7o@topsy.com,Health Coach II,Research and Development,Male,227259
278,Augustus Fakeley,afakeley7p@fema.gov,Engineer III,Engineering,Male,883117
279,Candie Grigg,cgrigg7q@cdbaby.com,Business Systems Development Analyst,Legal,Female,680692
280,Erastus Shetliff,eshetliff7r@nba.com,Occupational Therapist,Services,Male,280703
281,Bettye Breem,bbreem7s@facebook.com,Account Coordinator,Accounting,Female,920286
282,Lucila Shrimpton,lshrimpton7t@prnewswire.com,Legal Assistant,Product Management,Female,335789
283,Ashla Littledike,alittledike7u@digg.com,Data Coordinator,Sales,Female,534964
284,Lucas Heinsen,lheinsen7v@google.nl,Information Systems Manager,Product Management,Male,923797
285,Chicky Predohl,cpredohl7w@studiopress.com,Sales Representative,Sales,Male,188117
286,Cornelia Jenton,cjenton7x@washington.edu,Tax Accountant,Engineering,Female,338417
287,Beau Warnock,bwarnock7y@w3.org,Research Associate,Product Management,Genderfluid,982803
288,Neille Loggie,nloggie7z@a8.net,Geological Engineer,Legal,Female,237857
289,Aurthur Baumer,abaumer80@youtube.com,Occupational Therapist,Services,Male,798701
290,Manda Carlin,mcarlin81@digg.com,Business Systems Development Analyst,Accounting,Female,320942
291,Claiborn Ratter,cratter82@mit.edu,Data Coordinator,Legal,Male,159790
292,Aland Poppleston,apoppleston83@theguardian.com,Dental Hygienist,Sales,Male,623907
293,Lee Sirmon,lsirmon84@macromedia.com,Help Desk Technician,Human Resources,Male,853660
294,Norry Sertin,nsertin85@nifty.com,Accountant I,Accounting,Female,82573
295,Oberon Stangoe,ostangoe86@moonfruit.com,Geological Engineer,Sales,Male,549841
296,Reube Exon,rexon87@skype.com,Recruiter,Sales,Male,797893
297,Mona Pedrick,mpedrick88@sfgate.com,Assistant Manager,Product Management,Female,210599
298,Fran Duplain,fduplain89@fema.gov,VP Quality Control,Training,Polygender,514708
299,Rafael Tremeer,rtremeer8a@artisteer.com,Geological Engineer,Sales,Male,997353
300,Lanni Eglese,leglese8b@gravatar.com,Environmental Specialist,Product Management,Female,484498
301,Kristopher Elliot,kelliot8c@soup.io,Administrative Officer,Sales,Genderfluid,630155
302,Junia Abatelli,jabatelli8d@vk.com,Quality Engineer,Business Development,Female,974622
303,Andrea Crombie,acrombie8e@parallels.com,Web Developer III,Services,Male,962377
304,Malvin Fleckness,mfleckness8f@github.com,Senior Cost Accountant,Product Management,Male,864660
305,Nickey Lamberteschi,nlamberteschi8g@nymag.com,Associate Professor,Training,Male,397387
306,Derrek Liggons,dliggons8h@usnews.com,Geological Engineer,Business Development,Male,282187
307,Elisha Gibbett,egibbett8i@mlb.com,Design Engineer,Engineering,Female,365594
308,Etty Buckley,ebuckley8j@slideshare.net,Actuary,Sales,Female,631792
309,Mendie MacGinlay,mmacginlay8k@wsj.com,Marketing Assistant,Business Development,Male,332982
310,Nonie Rubinchik,nrubinchik8l@ustream.tv,Paralegal,Accounting,Female,779309
311,Claudell Bayston,cbayston8m@sfgate.com,Quality Engineer,Marketing,Male,132308
312,Ahmed Davie,adavie8n@theguardian.com,Civil Engineer,Legal,Male,579188
313,Randie Crosfeld,rcrosfeld8o@ucsd.edu,VP Accounting,Training,Male,298783
314,Aggi Crielly,acrielly8p@rediff.com,Physical Therapy Assistant,Sales,Female,771345
315,Jule Petty,jpetty8q@npr.org,Operator,Human Resources,Male,452477
316,Ketti Hardey,khardey8r@umn.edu,Quality Engineer,Product Management,Bigender,911354
317,Florette Jedrych,fjedrych8s@engadget.com,Financial Analyst,Business Development,Female,246453
318,Kalinda Steane,ksteane8t@salon.com,Programmer Analyst IV,Training,Female,399810
319,Pietro Speek,pspeek8u@biglobe.ne.jp,Developer II,Business Development,Male,626791
320,Irma Paulazzi,ipaulazzi8v@wp.com,Software Engineer IV,Marketing,Female,813393
321,Angelia Scardafield,ascardafield8w@hc360.com,Financial Advisor,Services,Female,302744
322,Augusto Keyse,akeyse8x@marriott.com,Systems Administrator II,Support,Male,590545
323,Horace Breach,hbreach8y@over-blog.com,Media Manager III,Services,Male,766448
324,Delano Sumsion,dsumsion8z@netvibes.com,Web Developer I,Human Resources,Male,951793
325,Josephine Iban,jiban90@constantcontact.com,Database Administrator I,Legal,Female,211769
326,Dena Keirle,dkeirle91@theglobeandmail.com,Statistician III,Accounting,Female,212676
327,Carlyn Titta,ctitta92@google.com.br,Help Desk Technician,Marketing,Female,825219
328,Merilyn Timmins,mtimmins93@hibu.com,Senior Sales Associate,Services,Female,625723
329,Yehudi Edgeler,yedgeler94@paypal.com,Programmer III,Accounting,Male,37943
330,Ban Drioli,bdrioli95@qq.com,Geologist III,Research and Development,Male,812251
331,Fina McAvin,fmcavin96@pcworld.com,Associate Professor,Services,Agender,712979
332,Sammy Werendell,swerendell97@oaic.gov.au,Technical Writer,Support,Female,408853
333,Pail Bravery,pbravery98@angelfire.com,Legal Assistant,Sales,Male,398516
334,Thaine Shankle,tshankle99@vistaprint.com,Safety Technician III,Sales,Male,621250
335,Sanderson Vanyutin,svanyutin9a@paginegialle.it,Assistant Manager,Business Development,Male,519762
336,Dilan Pichan,dpichan9b@mysql.com,Staff Accountant II,Business Development,Male,454075
337,Adan Sivyour,asivyour9c@qq.com,Recruiting Manager,Sales,Male,265375
338,Barry Manneville,bmanneville9d@cdc.gov,Executive Secretary,Sales,Female,884867
339,Emmerich Hackey,ehackey9e@samsung.com,Account Executive,Human Resources,Agender,685156
340,Obie MacCostye,omaccostye9f@exblog.jp,GIS Technical Architect,Human Resources,Bigender,577849
341,Wilden Mc-Kerley,wmckerley9g@homestead.com,Assistant Media Planner,Legal,Male,156214
342,Ginger Habgood,ghabgood9h@mapquest.com,Registered Nurse,Business Development,Male,50509
343,Tremayne Rantoul,trantoul9i@skyrock.com,Senior Developer,Training,Male,372986
344,Coralie Terlinden,cterlinden9j@sitemeter.com,Help Desk Operator,Research and Development,Female,775090
345,Tiler Cheng,tcheng9k@kickstarter.com,Research Assistant I,Support,Male,588871
346,Rodolfo Balloch,rballoch9l@google.ca,Senior Sales Associate,Engineering,Male,601029
347,Rachel Brambill,rbrambill9m@constantcontact.com,Sales Associate,Marketing,Genderqueer,352993
348,Rycca Challens,rchallens9n@smugmug.com,Recruiting Manager,Training,Female,143867
349,Nyssa Mordanti,nmordanti9o@umn.edu,Nurse Practicioner,Research and Development,Female,917153
350,Tami Cadwallader,tcadwallader9p@kickstarter.com,Senior Sales Associate,Engineering,Female,260981
351,Obadias Sharphouse,osharphouse9q@ycombinator.com,Recruiting Manager,Business Development,Male,664979
352,Toddy Burchess,tburchess9r@dyndns.org,Senior Developer,Human Resources,Male,361204
353,Ddene Orgen,dorgen9s@last.fm,Payment Adjustment Coordinator,Research and Development,Female,464635
354,Gabrila Di Lucia,gdi9t@chicagotribune.com,Sales Associate,Product Management,Non-binary,968967
355,Johanna MacLaig,jmaclaig9u@indiatimes.com,GIS Technical Architect,Human Resources,Female,951379
356,Orland Christoffe,ochristoffe9v@cbsnews.com,Physical Therapy Assistant,Engineering,Male,827673
357,Kliment Beeson,kbeeson9w@sun.com,Financial Advisor,Services,Male,115763
358,Nathanael Cusiter,ncusiter9x@stumbleupon.com,Systems Administrator IV,Sales,Male,889897
359,Garvin Bernette,gbernette9y@chicagotribune.com,Graphic Designer,Legal,Male,485365
360,Pete Lampe,plampe9z@surveymonkey.com,Environmental Tech,Services,Male,134455
361,Yvette Lack,ylacka0@auda.org.au,Cost Accountant,Services,Female,949450
362,Rozella Cordero,rcorderoa1@admin.ch,Help Desk Operator,Training,Female,41912
363,Adlai Ridgers,aridgersa2@redcross.org,Senior Quality Engineer,Sales,Genderfluid,603126
364,Tammie Chisnell,tchisnella3@sbwire.com,Clinical Specialist,Marketing,Non-binary,523913
365,Ernestus Grut,egruta4@mashable.com,Senior Sales Associate,Services,Genderfluid,992998
366,Glen Hartell,ghartella5@networksolutions.com,Research Assistant II,Legal,Female,720760
367,Joel Perillio,jperillioa6@phpbb.com,Nurse,Legal,Male,401639
368,Joaquin Paulillo,jpaulilloa7@statcounter.com,Health Coach I,Marketing,Male,297100
369,Valerye Skrines,vskrinesa8@joomla.org,Media Manager II,Training,Female,230671
370,Jeremiah Masi,jmasia9@etsy.com,Environmental Tech,Services,Male,431978
371,Iseabal Conachie,iconachieaa@vistaprint.com,Financial Advisor,Human Resources,Female,176546
372,Della Lorenzini,dlorenziniab@si.edu,Software Engineer II,Sales,Female,496983
373,Adriena Palser,apalserac@4shared.com,Physical Therapy Assistant,Human Resources,Female,962976
374,Renell McCullen,rmccullenad@jalbum.net,Occupational Therapist,Product Management,Female,277632
375,Pyotr Rosingdall,prosingdallae@wired.com,Statistician II,Training,Male,872339
376,Maynard Caillou,mcaillouaf@chron.com,Developer III,Sales,Male,769482
377,Daron Rodgman,drodgmanag@yellowpages.com,Senior Quality Engineer,Legal,Male,813756
378,Morley Tosh,mtoshah@umn.edu,Research Assistant III,Marketing,Male,548631
379,Paola Shaw,pshawai@indiatimes.com,Associate Professor,Sales,Female,47750
380,Caitrin Orgel,corgelaj@loc.gov,Senior Financial Analyst,Accounting,Female,545782
381,Faun Subhan,fsubhanak@usa.gov,Chemical Engineer,Training,Female,372413
382,Horatius Stow,hstowal@cafepress.com,Account Coordinator,Accounting,Male,500800
383,Culley Theobold,ctheoboldam@umich.edu,Director of Sales,Training,Male,776741
384,Cally Babbe,cbabbean@xing.com,Office Assistant III,Human Resources,Female,417357
385,Vale Becraft,vbecraftao@elegantthemes.com,Software Engineer III,Human Resources,Male,590089
386,Emlynn Hindge,ehindgeap@mapquest.com,Junior Executive,Sales,Female,362314
387,Neall Daenen,ndaenenaq@un.org,VP Quality Control,Engineering,Bigender,448996
388,Gerta Nielson,gnielsonar@geocities.com,Physical Therapy Assistant,Legal,Female,782397
389,Tessy Padbury,tpadburyas@vinaora.com,Quality Control Specialist,Legal,Female,317208
390,Cris Kimmel,ckimmelat@utexas.edu,Recruiting Manager,Marketing,Female,904344
391,Hayward Havenhand,hhavenhandau@com.com,Nurse,Legal,Male,791907
392,Franchot Farncombe,ffarncombeav@walmart.com,Automation Specialist II,Product Management,Male,677656
393,Cecily Shepley,cshepleyaw@google.cn,Marketing Manager,Sales,Female,232897
394,Verge McCrainor,vmccrainorax@phoca.cz,Pharmacist,Business Development,Male,703822
395,Roxy Boss,rbossay@arstechnica.com,Food Chemist,Marketing,Female,322465
396,Burnaby Wenger,bwengeraz@cdbaby.com,Nurse,Services,Male,681251
397,Pace Pedroni,ppedronib0@google.co.uk,Systems Administrator I,Training,Male,404371
398,Wait Pendreigh,wpendreighb1@psu.edu,Associate Professor,Accounting,Male,295005
399,Pia Raymond,praymondb2@goodreads.com,Teacher,Marketing,Female,737775
400,Clement Woosnam,cwoosnamb3@slashdot.org,Web Designer I,Accounting,Male,816404
401,Portie Strelitzer,pstrelitzerb4@epa.gov,Software Engineer I,Product Management,Male,932403
402,Emylee Blezard,eblezardb5@phpbb.com,VP Accounting,Research and Development,Female,126657
403,Wrennie Aslie,waslieb6@ox.ac.uk,Programmer III,Accounting,Female,964865
404,Marchelle Degue,mdegueb7@devhub.com,Health Coach IV,Business Development,Female,413643
405,Nancy Oby,nobyb8@unblog.fr,Administrative Officer,Business Development,Female,814052
406,Anton Itscowics,aitscowicsb9@toplist.cz,Quality Control Specialist,Human Resources,Male,403781
407,Caritta Luten,clutenba@spotify.com,Dental Hygienist,Marketing,Female,58205
408,Clotilda Mulvenna,cmulvennabb@guardian.co.uk,Environmental Specialist,Marketing,Female,901927
409,Kamillah Vsanelli,kvsanellibc@mozilla.org,Recruiter,Legal,Female,162991
410,Ariel Eadmeads,aeadmeadsbd@kickstarter.com,Financial Analyst,Services,Male,238472
411,Pepe Stanbridge,pstanbridgebe@yolasite.com,Computer Systems Analyst IV,Marketing,Male,436884
412,Cherianne Danilchik,cdanilchikbf@etsy.com,Environmental Specialist,Business Development,Female,447550
413,Mureil Loutheane,mloutheanebg@bbc.co.uk,Engineer II,Business Development,Female,78695
414,Nealson Jentgens,njentgensbh@ucoz.com,Speech Pathologist,Human Resources,Male,920754
415,Stephenie Birkenhead,sbirkenheadbi@people.com.cn,Project Manager,Support,Female,785743
416,Hastie Wibrew,hwibrewbj@soup.io,Environmental Tech,Accounting,Agender,964757
417,Abbot Woofendell,awoofendellbk@mapy.cz,Software Engineer I,Services,Male,240235
418,Julius Conigsby,jconigsbybl@etsy.com,Compensation Analyst,Accounting,Male,528889
419,Jannel Ruddy,jruddybm@instagram.com,Senior Financial Analyst,Business Development,Genderqueer,400464
420,Toni Ludlom,tludlombn@bbc.co.uk,Systems Administrator II,Marketing,Female,648881
421,Terrye Scantlebury,tscantleburybo@netlog.com,Professor,Training,Female,408546
422,Aldin Cheeld,acheeldbp@google.pl,Research Associate,Support,Male,961357
423,Gerry Saylor,gsaylorbq@nature.com,Product Engineer,Support,Male,902859
424,Drud Clare,dclarebr@cbsnews.com,Mechanical Systems Engineer,Business Development,Male,110028
425,Lynnett Nelle,lnellebs@google.nl,Software Engineer III,Business Development,Bigender,500903
426,Byran Blockley,bblockleybt@dot.gov,Recruiting Manager,Human Resources,Male,815861
427,Andie Tegeller,ategellerbu@bloglovin.com,Safety Technician IV,Support,Female,597543
428,Selinda Hinrichs,shinrichsbv@posterous.com,Statistician IV,Business Development,Female,571886
429,Eal Demko,edemkobw@mit.edu,Sales Representative,Engineering,Male,151786
430,Silva Hunston,shunstonbx@tinyurl.com,Legal Assistant,Marketing,Female,143156
431,Chiquita Reddlesden,creddlesdenby@imdb.com,Graphic Designer,Marketing,Female,342387
432,Philippine Drinkale,pdrinkalebz@posterous.com,Media Manager III,Product Management,Female,768288
433,Marc Fellgatt,mfellgattc0@moonfruit.com,Senior Developer,Product Management,Male,774830
434,Katerine Keeting,kkeetingc1@spiegel.de,Office Assistant II,Support,Female,739470
435,Gwyn Bagehot,gbagehotc2@sun.com,Information Systems Manager,Business Development,Genderqueer,730095
436,Mac Raithby,mraithbyc3@elegantthemes.com,Research Assistant I,Accounting,Male,564562
437,Brandy Barta,bbartac4@livejournal.com,Research Nurse,Training,Female,160679
438,Catherin Thirst,cthirstc5@harvard.edu,Senior Sales Associate,Engineering,Bigender,572676
439,Constanta Guilloton,cguillotonc6@cornell.edu,Software Test Engineer III,Services,Female,425852
440,Booth Agg,baggc7@globo.com,Web Designer III,Training,Male,516687
441,Jazmin Tatem,jtatemc8@samsung.com,Pharmacist,Product Management,Female,337126
442,Dael Burnhams,dburnhamsc9@canalblog.com,Information Systems Manager,Legal,Female,767173
443,Bale Kopisch,bkopischca@marketwatch.com,Quality Control Specialist,Legal,Male,61170
444,Daven Whittle,dwhittlecb@photobucket.com,Web Designer II,Training,Male,565166
445,Maryjane Goly,mgolycc@ca.gov,Nurse,Research and Development,Female,345312
446,Tadeo Scholey,tscholeycd@google.cn,Staff Scientist,Support,Male,548025
447,Rollo Hinkley,rhinkleyce@myspace.com,Human Resources Manager,Training,Male,846783
448,Emilia Nunnery,enunnerycf@furl.net,Chemical Engineer,Business Development,Female,527966
449,Cleveland Besnard,cbesnardcg@cloudflare.com,Help Desk Technician,Engineering,Male,363838
450,Roosevelt Roddell,rroddellch@51.la,Budget/Accounting Analyst II,Sales,Male,256823
451,Piggy Ingram,pingramci@scientificamerican.com,VP Product Management,Engineering,Male,92934
452,Glenda Pitcher,gpitchercj@discovery.com,Paralegal,Human Resources,Polygender,381575
453,Bentley Mithon,bmithonck@ustream.tv,Design Engineer,Legal,Male,602976
454,Kaylil Astlett,kastlettcl@is.gd,Chief Design Engineer,Research and Development,Female,540721
455,Thaddeus von Grollmann,tvoncm@google.es,Director of Sales,Legal,Bigender,618344
456,Siffre Verryan,sverryancn@wired.com,Senior Cost Accountant,Accounting,Male,960104
457,Coreen Oleksiak,coleksiakco@time.com,VP Accounting,Business Development,Female,400069
458,Valentino Westcar,vwestcarcp@rediff.com,Senior Financial Analyst,Accounting,Male,857798
459,Taddeusz Glennon,tglennoncq@kickstarter.com,Chemical Engineer,Accounting,Male,285626
460,Helga Doley,hdoleycr@springer.com,Human Resources Manager,Research and Development,Female,686409
461,Oralle McGuinley,omcguinleycs@ovh.net,Payment Adjustment Coordinator,Training,Female,583853
462,Valaria Pache,vpachect@behance.net,Graphic Designer,Business Development,Female,628165
463,Lilah Barford,lbarfordcu@google.fr,Accounting Assistant I,Accounting,Female,666280
464,Granny Tregoning,gtregoningcv@state.tx.us,Engineer IV,Support,Male,182559
465,Falito Thomazet,fthomazetcw@dagondesign.com,Nuclear Power Engineer,Training,Male,223538
466,Lara Swabey,lswabeycx@alexa.com,Teacher,Product Management,Female,257597
467,Odo Blaschek,oblaschekcy@google.fr,Help Desk Operator,Marketing,Male,563673
468,Curr Monson,cmonsoncz@wsj.com,Research Nurse,Product Management,Male,279221
469,Baudoin Valerio,bvaleriod0@stanford.edu,Account Executive,Human Resources,Male,247099
470,Blanca Cortes,bcortesd1@ebay.com,Research Associate,Business Development,Female,443414
471,Tailor Fourmy,tfourmyd2@theguardian.com,Tax Accountant,Accounting,Male,641048
472,Wolfgang Orred,worredd3@alibaba.com,Developer I,Training,Male,802809
473,Sarge Roughan,sroughand4@moonfruit.com,GIS Technical Architect,Product Management,Male,838568
474,Garvy Sinnott,gsinnottd5@gravatar.com,Statistician I,Engineering,Male,697141
475,Emmerich Worsell,eworselld6@shop-pro.jp,Structural Engineer,Research and Development,Male,187062
476,Thadeus Grzegorecki,tgrzegoreckid7@ebay.co.uk,Registered Nurse,Business Development,Male,388386
477,Margalo Bourdas,mbourdasd8@ovh.net,Software Test Engineer IV,Support,Female,627349
478,Raul O'Sullivan,rosullivand9@i2i.jp,Desktop Support Technician,Marketing,Male,563110
479,Gillian Pinckney,gpinckneyda@ucsd.edu,Speech Pathologist,Product Management,Agender,596695
480,Vaclav Tatham,vtathamdb@about.com,Database Administrator I,Business Development,Male,42296
481,Carlotta Clink,cclinkdc@sciencedirect.com,Quality Control Specialist,Product Management,Female,823540
482,Danell Ledur,dledurdd@earthlink.net,Product Engineer,Research and Development,Female,425219
483,Nikkie Ezzy,nezzyde@icq.com,Senior Developer,Engineering,Female,408905
484,Brooks Minchinden,bminchindendf@hubpages.com,Product Engineer,Marketing,Male,475784
485,Hewett Heditch,hheditchdg@wp.com,Senior Quality Engineer,Business Development,Male,930160
486,Izak Mapletoft,imapletoftdh@wordpress.com,Quality Engineer,Marketing,Male,996603
487,Casandra Kiely,ckielydi@hp.com,Statistician IV,Accounting,Female,296815
488,Kimberly MacGaffey,kmacgaffeydj@cpanel.net,VP Marketing,Legal,Female,636177
489,Chevy Jarritt,cjarrittdk@drupal.org,Sales Representative,Accounting,Male,30192
490,Cly Tarplee,ctarpleedl@dailymail.co.uk,Safety Technician IV,Support,Male,36925
491,Sergent Swinfon,sswinfondm@nhs.uk,Pharmacist,Accounting,Male,289939
492,Kissie Marcone,kmarconedn@upenn.edu,Paralegal,Business Development,Female,37218
493,Wye Depper,wdepperdo@comsenz.com,Registered Nurse,Legal,Male,917497
494,Amata Timson,atimsondp@4shared.com,Help Desk Operator,Training,Female,638845
495,Gusta Jorez,gjorezdq@istockphoto.com,Data Coordinator,Research and Development,Female,533685
496,Kenn Torn,ktorndr@sourceforge.net,GIS Technical Architect,Sales,Male,912561
497,Ilise Lippatt,ilippattds@phpbb.com,Structural Analysis Engineer,Marketing,Female,298712
498,Kienan Kwietek,kkwietekdt@ucsd.edu,Office Assistant IV,Training,Genderqueer,297968
499,Keefer Mangin,kmangindu@bbc.co.uk,Assistant Manager,Accounting,Male,930404
500,Kim Willatt,kwillattdv@is.gd,Nurse,Legal,Male,973651
501,Patricia Sedgmond,psedgmonddw@drupal.org,Payment Adjustment Coordinator,Business Development,Polygender,549553
502,Maurise Mateo,mmateodx@nba.com,Mechanical Systems Engineer,Product Management,Female,540541
503,Anetta Palatino,apalatinody@1und1.de,Food Chemist,Human Resources,Female,25533
504,Roderick Burchett,rburchettdz@phoca.cz,Civil Engineer,Engineering,Male,50331
505,Si Shippam,sshippame0@tiny.cc,Structural Analysis Engineer,Research and Development,Male,59997
506,Leslie Gunny,lgunnye1@java.com,Analog Circuit Design manager,Legal,Female,224609
507,Maggi Maund,mmaunde2@cloudflare.com,Desktop Support Technician,Training,Female,842205
508,Loella Dominelli,ldominellie3@hexun.com,Senior Sales Associate,Accounting,Agender,413658
509,Carry Pyvis,cpyvise4@dell.com,Account Coordinator,Training,Bigender,826846
510,Mallory McMonies,mmcmoniese5@yahoo.com,Recruiting Manager,Business Development,Female,351104
511,Babara Matyasik,bmatyasike6@free.fr,Structural Engineer,Product Management,Female,903197
512,Madelon Yurkevich,myurkeviche7@example.com,Senior Editor,Marketing,Female,290689
513,Ailey Brownsmith,abrownsmithe8@yellowpages.com,Office Assistant III,Sales,Bigender,425022
514,Maggi Cattlow,mcattlowe9@slate.com,Registered Nurse,Engineering,Female,296612
515,Phyllida Dureden,pduredenea@wisc.edu,Help Desk Operator,Marketing,Female,49041
516,Pasquale Crocumbe,pcrocumbeeb@sitemeter.com,Quality Engineer,Services,Male,114530
517,Tomasina Nagle,tnagleec@deviantart.com,Research Assistant I,Accounting,Female,48702
518,Hans Firle,hfirleed@abc.net.au,Dental Hygienist,Research and Development,Genderfluid,238736
519,Kennie Bohike,kbohikeee@hibu.com,Programmer IV,Legal,Male,528285
520,Fairlie Darlison,fdarlisonef@soundcloud.com,Registered Nurse,Training,Agender,95783
521,Rebe Hardware,rhardwareeg@imgur.com,Physical Therapy Assistant,Training,Female,547935
522,Asia Jovicic,ajoviciceh@drupal.org,Health Coach III,Support,Female,558034
523,Mireille Bertelsen,mbertelsenei@creativecommons.org,Financial Advisor,Business Development,Female,41309
524,Jdavie Cockaday,jcockadayej@imdb.com,Electrical Engineer,Engineering,Male,485535
525,Nolana Dockrill,ndockrillek@fastcompany.com,Desktop Support Technician,Services,Female,388500
526,Jelene Grevatt,jgrevattel@yandex.ru,Administrative Officer,Business Development,Bigender,865713
527,Ky Matokhnin,kmatokhninem@php.net,Media Manager III,Human Resources,Male,499801
528,Shawn Marcham,smarchamen@qq.com,Office Assistant III,Human Resources,Male,451097
529,Catriona Keach,ckeacheo@tinypic.com,Health Coach II,Support,Female,84542
530,Morgen Tandy,mtandyep@archive.org,Sales Representative,Engineering,Non-binary,247565
531,Camey Gebb,cgebbeq@instagram.com,VP Accounting,Services,Male,617349
532,Lenee Kornilyev,lkornilyever@mail.ru,Assistant Media Planner,Support,Female,222352
533,Brigida Dumphries,bdumphrieses@pinterest.com,Analog Circuit Design manager,Sales,Female,678696
534,Abie Philpott,aphilpottet@surveymonkey.com,Health Coach II,Business Development,Male,630073
535,Josi Claremont,jclaremonteu@stumbleupon.com,Tax Accountant,Human Resources,Female,900262
536,Sharon Laidlow,slaidlowev@pcworld.com,Technical Writer,Services,Female,455796
537,Frants McRannell,fmcrannellew@rakuten.co.jp,Professor,Engineering,Male,651590
538,Bank Pattisson,bpattissonex@economist.com,Safety Technician II,Business Development,Male,331903
539,Holden Helder,hhelderey@weibo.com,Desktop Support Technician,Research and Development,Male,525208
540,Arabelle Battram,abattramez@cyberchimps.com,Analyst Programmer,Legal,Female,888474
541,Marvin Greedy,mgreedyf0@fema.gov,Budget/Accounting Analyst IV,Services,Male,968127
542,Jessie Abelov,jabelovf1@ebay.co.uk,Structural Engineer,Services,Male,152762
543,Sonny Lorentz,slorentzf2@tmall.com,Quality Engineer,Sales,Polygender,611100
544,Camala Tofanini,ctofaninif3@disqus.com,Teacher,Marketing,Female,328536
545,Karlis Costi,kcostif4@narod.ru,Product Engineer,Marketing,Male,928944
546,Roderich Belliard,rbelliardf5@sciencedaily.com,Design Engineer,Legal,Male,310399
547,Tommy Samsonsen,tsamsonsenf6@blinklist.com,Engineer II,Sales,Male,351637
548,Aleta Ship,ashipf7@plala.or.jp,Dental Hygienist,Research and Development,Female,875024
549,Peg Marquet,pmarquetf8@jigsy.com,Human Resources Manager,Engineering,Female,486118
550,Chrisy Dassindale,cdassindalef9@discovery.com,Staff Accountant II,Product Management,Male,450985
551,Sunny MacDirmid,smacdirmidfa@noaa.gov,Business Systems Development Analyst,Engineering,Female,745522
552,Kienan Raittie,kraittiefb@foxnews.com,Associate Professor,Accounting,Male,142133
553,Justus Dine-Hart,jdinehartfc@shutterfly.com,Programmer Analyst III,Business Development,Male,615972
554,Suzanna Jandourek,sjandourekfd@ustream.tv,Mechanical Systems Engineer,Sales,Female,371119
555,Tarah Squelch,tsquelchfe@ovh.net,Clinical Specialist,Accounting,Female,410194
556,Edgardo Musla,emuslaff@purevolume.com,Food Chemist,Accounting,Male,964902
557,Cloris Tregunna,ctregunnafg@dell.com,Health Coach IV,Support,Female,246262
558,Ara Filippov,afilippovfh@live.com,Social Worker,Support,Female,83218
559,Alistair Baglan,abaglanfi@dmoz.org,Geological Engineer,Product Management,Male,528527
560,Stormi Bowton,sbowtonfj@ow.ly,Mechanical Systems Engineer,Training,Female,344277
561,Hannah Patillo,hpatillofk@google.de,Help Desk Operator,Human Resources,Female,850985
562,Indira Micheli,imichelifl@angelfire.com,Senior Cost Accountant,Legal,Female,155449
563,Demetris Ortas,dortasfm@unicef.org,Environmental Specialist,Training,Female,203966
564,Beulah Almey,balmeyfn@drupal.org,Developer IV,Business Development,Female,665958
565,Granville Yerson,gyersonfo@example.com,Structural Engineer,Support,Bigender,582175
566,Kalli Beswell,kbeswellfp@epa.gov,Systems Administrator III,Product Management,Polygender,336856
567,Breena Driffield,bdriffieldfq@ycombinator.com,Information Systems Manager,Human Resources,Female,197396
568,Allison Cuardall,acuardallfr@amazonaws.com,Business Systems Development Analyst,Engineering,Female,513375
569,Lorri Realff,lrealfffs@digg.com,Clinical Specialist,Product Management,Female,342090
570,Gram Leishman,gleishmanft@homestead.com,Research Assistant IV,Product Management,Male,388928
571,Penny MacLaughlin,pmaclaughlinfu@ameblo.jp,Structural Engineer,Support,Polygender,820396
572,Maxwell Jannex,mjannexfv@who.int,Dental Hygienist,Human Resources,Male,195097
573,Wilmar O'Hoey,wohoeyfw@discovery.com,Payment Adjustment Coordinator,Business Development,Male,769983
574,Yorke Philippart,yphilippartfx@accuweather.com,Developer IV,Human Resources,Male,957404
575,Leodora Cullabine,lcullabinefy@dagondesign.com,Speech Pathologist,Services,Female,626757
576,Marvin Carlile,mcarlilefz@marketwatch.com,Mechanical Systems Engineer,Legal,Male,31622
577,Darcie Ambrosch,dambroschg0@webnode.com,Design Engineer,Research and Development,Female,545279
578,Tudor Tabour,ttabourg1@elpais.com,Staff Scientist,Services,Male,471651
579,Isadora Robertelli,irobertellig2@cam.ac.uk,Nuclear Power Engineer,Sales,Female,764906
580,Letty Gallie,lgallieg3@bizjournals.com,Media Manager III,Services,Female,91769
581,Roxane Alliker,rallikerg4@time.com,Sales Representative,Sales,Female,765977
582,Silvano Robak,srobakg5@wisc.edu,Recruiting Manager,Human Resources,Male,606094
583,Godiva Fforde,gffordeg6@ebay.com,Compensation Analyst,Support,Female,448048
584,Nichols Oleszkiewicz,noleszkiewiczg7@un.org,Occupational Therapist,Product Management,Male,192880
585,Torre McKyrrelly,tmckyrrellyg8@baidu.com,Senior Cost Accountant,Legal,Male,547461
586,Andie Simeoni,asimeonig9@bloglovin.com,Web Designer I,Services,Male,785018
587,Patrizia Giannassi,pgiannassiga@paypal.com,Cost Accountant,Product Management,Female,351919
588,Aube Syson,asysongb@cdc.gov,Nurse,Engineering,Male,686838
589,Rouvin Batstone,rbatstonegc@marketwatch.com,Operator,Accounting,Male,623814
590,Lani Fillimore,lfillimoregd@e-recht24.de,Office Assistant II,Accounting,Genderqueer,88668
591,Sax Paxton,spaxtonge@google.co.uk,Editor,Services,Male,120841
592,Emeline Croshaw,ecroshawgf@microsoft.com,Assistant Manager,Support,Female,879570
593,Brenden Crummy,bcrummygg@msu.edu,Automation Specialist I,Human Resources,Male,931876
594,Felike Neasham,fneashamgh@hubpages.com,Technical Writer,Sales,Polygender,224694
595,Forester Fairfull,ffairfullgi@vistaprint.com,Quality Engineer,Support,Male,539569
596,Adena Wale,awalegj@ftc.gov,Programmer Analyst III,Engineering,Female,552449
597,Quint Spadeck,qspadeckgk@state.gov,Senior Quality Engineer,Business Development,Genderfluid,363454
598,Chester Isakson,cisaksongl@examiner.com,Biostatistician I,Human Resources,Male,667680
599,Weider Husk,whuskgm@joomla.org,Assistant Media Planner,Services,Male,643882
600,Gonzales Jehan,gjehangn@addthis.com,Help Desk Operator,Engineering,Male,794834
601,Vinson Daniells,vdaniellsgo@unblog.fr,Senior Cost Accountant,Human Resources,Male,481090
602,Katerina Petrovykh,kpetrovykhgp@techcrunch.com,Tax Accountant,Product Management,Female,494725
603,Cornell Sackur,csackurgq@cnet.com,Nuclear Power Engineer,Research and Development,Male,957060
604,Vin Garratt,vgarrattgr@mayoclinic.com,Sales Representative,Human Resources,Female,944420
605,Jonell Stanning,jstanninggs@addtoany.com,Associate Professor,Marketing,Female,695229
606,Esdras Fellibrand,efellibrandgt@intel.com,Automation Specialist IV,Accounting,Male,720306
607,Angel Curee,acureegu@blinklist.com,Physical Therapy Assistant,Legal,Female,637960
608,Kirby Warricker,kwarrickergv@amazon.co.jp,VP Quality Control,Training,Female,727300
609,Yolane Faichnie,yfaichniegw@de.vu,Engineer IV,Training,Female,730160
610,Hedvig Lawday,hlawdaygx@tripod.com,Software Engineer I,Support,Female,90860
611,Tamara Shearston,tshearstongy@dion.ne.jp,Assistant Professor,Services,Female,394287
612,Olvan Dugall,odugallgz@angelfire.com,Programmer II,Marketing,Male,111475
613,Renee Casely,rcaselyh0@tripadvisor.com,Sales Associate,Support,Female,319289
614,Mohandis Downgate,mdowngateh1@biglobe.ne.jp,Payment Adjustment Coordinator,Research and Development,Male,419335
615,Linell McKelloch,lmckellochh2@nifty.com,VP Product Management,Sales,Female,963614
616,Kev Mc Menamin,kmch3@xinhuanet.com,Database Administrator II,Research and Development,Male,760877
617,Katie Lister,klisterh4@biblegateway.com,Mechanical Systems Engineer,Marketing,Female,663461
618,Janella Duffet,jduffeth5@ucla.edu,Community Outreach Specialist,Business Development,Genderqueer,86647
619,Olav Chinnery,ochinneryh6@themeforest.net,Chemical Engineer,Services,Male,743016
620,Jacqueline Ritchings,jritchingsh7@newyorker.com,Financial Advisor,Accounting,Female,243814
621,Robinet Pendell,rpendellh8@buzzfeed.com,Human Resources Manager,Sales,Male,631623
622,Karina Vakhlov,kvakhlovh9@unicef.org,Food Chemist,Engineering,Female,865738
623,Tanitansy Petyanin,tpetyaninha@typepad.com,Senior Financial Analyst,Research and Development,Female,833835
624,Shea Franzman,sfranzmanhb@vk.com,Nuclear Power Engineer,Training,Polygender,587942
625,Catlee Barbara,cbarbarahc@archive.org,Administrative Officer,Training,Female,938429
626,Franklyn O'Connolly,foconnollyhd@vistaprint.com,Chief Design Engineer,Marketing,Male,915687
627,Blithe Byer,bbyerhe@csmonitor.com,Web Developer III,Services,Female,97690
628,Jaquelin Lowseley,jlowseleyhf@howstuffworks.com,Assistant Professor,Engineering,Female,486742
629,Candie Dewdney,cdewdneyhg@weebly.com,Compensation Analyst,Engineering,Female,315582
630,Yule Berthel,yberthelhh@unesco.org,Statistician III,Research and Development,Male,554573
631,Denise Farrin,dfarrinhi@php.net,Recruiter,Human Resources,Bigender,74786
632,Sherye Clopton,scloptonhj@aboutads.info,Assistant Professor,Research and Development,Female,904850
633,Delcina Burbudge,dburbudgehk@gizmodo.com,Data Coordinator,Marketing,Female,251543
634,Angelle Roughley,aroughleyhl@ibm.com,Pharmacist,Business Development,Female,354420
635,Inger Jennick,ijennickhm@mozilla.org,Software Consultant,Product Management,Male,91406
636,Giffer Norcross,gnorcrosshn@discuz.net,Safety Technician II,Business Development,Male,903326
637,Augustus Blazej,ablazejho@ucla.edu,Community Outreach Specialist,Training,Male,220317
638,Julian Foottit,jfoottithp@psu.edu,Electrical Engineer,Product Management,Polygender,105761
639,Court Roper,croperhq@xinhuanet.com,Speech Pathologist,Sales,Male,510709
640,Lamar Audrey,laudreyhr@unblog.fr,Accountant III,Accounting,Male,474815
641,Marjie Clarson,mclarsonhs@oracle.com,Tax Accountant,Sales,Female,806904
642,Robbyn Carme,rcarmeht@hc360.com,Account Coordinator,Legal,Female,878501
643,Hilario Dumini,hduminihu@altervista.org,Associate Professor,Training,Male,568389
644,Min Jeavons,mjeavonshv@moonfruit.com,Research Assistant I,Training,Female,734055
645,Florence Hawthorn,fhawthornhw@hc360.com,VP Marketing,Training,Female,903968
646,Tailor Dunnaway,tdunnawayhx@npr.org,Biostatistician III,Support,Male,267693
647,Papageno Flageul,pflageulhy@oakley.com,Safety Technician II,Services,Male,176525
648,Marie-ann O'Keefe,mokeefehz@cbslocal.com,Quality Engineer,Support,Female,848797
649,Vachel Angood,vangoodi0@webeden.co.uk,Database Administrator IV,Product Management,Male,235469
650,Lisbeth Covolini,lcovolinii1@1und1.de,Business Systems Development Analyst,Sales,Female,535481
651,Layne Thick,lthicki2@paginegialle.it,Occupational Therapist,Training,Female,390557
652,Fidel Epinoy,fepinoyi3@fda.gov,Budget/Accounting Analyst IV,Product Management,Male,451363
653,Hewet Keeping,hkeepingi4@newsvine.com,Compensation Analyst,Sales,Male,497304
654,Patric Janout,pjanouti5@yelp.com,Information Systems Manager,Human Resources,Male,671094
655,Jeromy Mitkin,jmitkini6@tumblr.com,Dental Hygienist,Business Development,Male,184565
656,Lucy Oriel,lorieli7@shutterfly.com,Mechanical Systems Engineer,Legal,Female,236847
657,Claudette Favill,cfavilli8@yelp.com,Administrative Assistant II,Research and Development,Female,45518
658,Reinald Waadenburg,rwaadenburgi9@illinois.edu,Data Coordinator,Services,Agender,431664
659,Nicola Hinstridge,nhinstridgeia@webnode.com,Sales Representative,Business Development,Female,249109
660,Gillian O'Doohaine,godoohaineib@wired.com,Information Systems Manager,Product Management,Female,545007
661,Devora Worvell,dworvellic@goo.ne.jp,Librarian,Legal,Female,339023
662,Adelle Luckhurst,aluckhurstid@businessweek.com,Professor,Accounting,Female,737571
663,Rosemary Savery,rsaveryie@cpanel.net,Software Consultant,Services,Female,391279
664,Dev Piddle,dpiddleif@sitemeter.com,Project Manager,Business Development,Male,287520
665,Daisi Buist,dbuistig@themeforest.net,Registered Nurse,Product Management,Bigender,57533
666,Archaimbaud Puckham,apuckhamih@cloudflare.com,Junior Executive,Product Management,Male,325745
667,Rubin Meighan,rmeighanii@geocities.com,Staff Accountant III,Accounting,Male,290631
668,Martita Ramplee,mrampleeij@zdnet.com,Administrative Assistant III,Business Development,Female,918422
669,Tye Steynor,tsteynorik@nydailynews.com,Senior Financial Analyst,Business Development,Male,461519
670,Sena Latham,slathamil@technorati.com,Account Executive,Accounting,Female,780061
671,Darren Sheere,dsheereim@photobucket.com,Project Manager,Legal,Male,636590
672,Opalina Yesson,oyessonin@bluehost.com,Marketing Assistant,Services,Bigender,103845
673,Aime Elner,aelnerio@elpais.com,Senior Financial Analyst,Business Development,Female,848176
674,Joell Wison,jwisonip@flickr.com,Legal Assistant,Services,Female,488780
675,Shena Bea,sbeaiq@cnet.com,Systems Administrator I,Sales,Female,870192
676,James Chicco,jchiccoir@nasa.gov,Software Consultant,Marketing,Male,337127
677,Aguste Maybury,amayburyis@eventbrite.com,Marketing Assistant,Sales,Male,797995
678,Drucill Grimbaldeston,dgrimbaldestonit@booking.com,Web Designer I,Accounting,Female,495274
679,Archy Minnis,aminnisiu@reddit.com,Nuclear Power Engineer,Human Resources,Male,976090
680,Taffy Hardie,thardieiv@miibeian.gov.cn,Dental Hygienist,Accounting,Female,876517
681,Obie Toler,otoleriw@disqus.com,Teacher,Services,Male,247593
682,Bennie Godman,bgodmanix@free.fr,Chemical Engineer,Human Resources,Male,715834
683,Janka Pavel,jpaveliy@skype.com,Social Worker,Training,Female,887277
684,Adelheid Lerven,alerveniz@netscape.com,VP Sales,Support,Female,701255
685,Fraze MacNab,fmacnabj0@bandcamp.com,Quality Control Specialist,Training,Male,645039
686,Jerry Longfoot,jlongfootj1@tamu.edu,Social Worker,Support,Male,194302
687,Bald Dand,bdandj2@latimes.com,Sales Representative,Product Management,Male,47906
688,Westley Mountain,wmountainj3@columbia.edu,Biostatistician III,Marketing,Male,334270
689,Benoit Ganley,bganleyj4@qq.com,Statistician II,Legal,Male,875231
690,Wynny Schuster,wschusterj5@livejournal.com,Accountant III,Human Resources,Agender,232869
691,Lotti Mallard,lmallardj6@seesaa.net,Legal Assistant,Human Resources,Female,638156
692,Audie Herety,aheretyj7@over-blog.com,Senior Financial Analyst,Research and Development,Female,859227
693,Isaac Hadrill,ihadrillj8@mysql.com,Automation Specialist IV,Sales,Male,738818
694,Findlay Pashe,fpashej9@marriott.com,Help Desk Technician,Research and Development,Male,441482
695,Eydie Tomaini,etomainija@php.net,Design Engineer,Research and Development,Female,135996
696,Larine Graben,lgrabenjb@jugem.jp,Paralegal,Engineering,Female,285370
697,Drucy Legier,dlegierjc@plala.or.jp,Internal Auditor,Accounting,Female,334709
698,Stanislas Halward,shalwardjd@mozilla.com,Librarian,Product Management,Male,375290
699,Kendre Ovendon,kovendonje@loc.gov,Community Outreach Specialist,Sales,Female,846979
700,Sashenka O'Donnelly,sodonnellyjf@harvard.edu,Nurse Practicioner,Research and Development,Female,120646
701,Lara Zorzetti,lzorzettijg@homestead.com,Chief Design Engineer,Business Development,Agender,170472
702,Neron Chattell,nchattelljh@reddit.com,Web Designer I,Services,Male,675258
703,Celinka Scopham,cscophamji@sun.com,Senior Financial Analyst,Legal,Bigender,198970
704,Ellsworth Burdon,eburdonjj@wordpress.com,Social Worker,Business Development,Male,427547
705,Colin Schlag,cschlagjk@vk.com,Data Coordinator,Accounting,Male,85813
706,Collette Noble,cnoblejl@tinyurl.com,Sales Representative,Legal,Female,788580
707,Victor Velte,vveltejm@godaddy.com,Research Assistant IV,Marketing,Male,663531
708,Florance Dael,fdaeljn@mozilla.org,VP Marketing,Sales,Female,890417
709,Leslie Sambath,lsambathjo@cocolog-nifty.com,Quality Engineer,Human Resources,Male,873478
710,Cyrill Winchcomb,cwinchcombjp@yolasite.com,Product Engineer,Support,Male,690674
711,Eldon Behrens,ebehrensjq@unblog.fr,VP Quality Control,Research and Development,Male,762339
712,Giraud Friett,gfriettjr@ed.gov,Help Desk Technician,Sales,Male,384973
713,Marylynne Cusiter,mcusiterjs@twitter.com,Account Coordinator,Services,Female,951264
714,Olvan Lambird,olambirdjt@phpbb.com,Nuclear Power Engineer,Human Resources,Male,942878
715,Berti Styche,bstycheju@moonfruit.com,Editor,Legal,Male,711994
716,Shandra Petrenko,spetrenkojv@whitehouse.gov,Media Manager III,Training,Female,850597
717,Hubert Rospars,hrosparsjw@columbia.edu,Human Resources Assistant III,Engineering,Male,209843
718,Carine Ruffy,cruffyjx@behance.net,Clinical Specialist,Marketing,Female,554959
719,Elnora Wellfare,ewellfarejy@mac.com,Teacher,Engineering,Female,410575
720,Gusty Du Fray,gdujz@rakuten.co.jp,Analyst Programmer,Training,Female,299362
721,Bethina Loosemore,bloosemorek0@chron.com,Geological Engineer,Training,Female,217595
722,Dosi Fautly,dfautlyk1@indiegogo.com,VP Quality Control,Legal,Female,277406
723,Burnard Shorten,bshortenk2@imageshack.us,Analog Circuit Design manager,Human Resources,Male,512457
724,Stephana Passe,spassek3@economist.com,Junior Executive,Legal,Female,871694
725,Maxwell Zanotti,mzanottik4@macromedia.com,Human Resources Manager,Sales,Male,524598
726,Rowena Dosedale,rdosedalek5@washingtonpost.com,Business Systems Development Analyst,Marketing,Female,199066
727,Carina Shrimpling,cshrimplingk6@symantec.com,Account Executive,Marketing,Female,737324
728,Ninnetta Chishull,nchishullk7@hugedomains.com,Automation Specialist I,Product Management,Female,430694
729,Darcey Dufore,dduforek8@ihg.com,Account Representative I,Training,Female,480066
730,Iolande Leifer,ileiferk9@cmu.edu,Actuary,Support,Genderqueer,248503
731,Blondie Copnar,bcopnarka@arizona.edu,Financial Analyst,Engineering,Female,336193
732,Caldwell Stribbling,cstribblingkb@canalblog.com,Biostatistician I,Research and Development,Male,479209
733,Celie Gonnin,cgonninkc@nbcnews.com,Help Desk Technician,Sales,Female,227195
734,Tessa Guillou,tguilloukd@g.co,Help Desk Operator,Legal,Female,152618
735,Valene Lebrun,vlebrunke@google.co.uk,Civil Engineer,Research and Development,Non-binary,247912
736,Mada Howen,mhowenkf@csmonitor.com,Physical Therapy Assistant,Engineering,Female,898468
737,Clemmy Coniam,cconiamkg@people.com.cn,Mechanical Systems Engineer,Legal,Female,871500
738,Julienne Vasile,jvasilekh@cmu.edu,Food Chemist,Services,Female,635730
739,Woody Whitham,wwhithamki@home.pl,Staff Accountant II,Research and Development,Male,275929
740,Millie Zavattari,mzavattarikj@ameblo.jp,Analog Circuit Design manager,Business Development,Agender,843536
741,Delphine Stainfield,dstainfieldkk@quantcast.com,Director of Sales,Legal,Female,746514
742,Tyrone Baurerich,tbaurerichkl@usgs.gov,Compensation Analyst,Support,Male,312195
743,Lottie Mineghelli,lmineghellikm@usda.gov,Occupational Therapist,Engineering,Female,418348
744,Aubrey Goldstein,agoldsteinkn@linkedin.com,Nuclear Power Engineer,Engineering,Male,414747
745,Bud Davson,bdavsonko@wikispaces.com,Analyst Programmer,Accounting,Male,553996
746,Catrina Cowdray,ccowdraykp@etsy.com,Computer Systems Analyst II,Engineering,Female,315910
747,Nickolaus Gordon-Giles,ngordongileskq@time.com,Research Associate,Human Resources,Male,109578
748,Gaye Caldaro,gcaldarokr@mozilla.com,Senior Sales Associate,Marketing,Female,552418
749,Gottfried Wilsee,gwilseeks@nyu.edu,Desktop Support Technician,Accounting,Male,792364
750,Letty Tryme,ltrymekt@pinterest.com,Civil Engineer,Human Resources,Female,444581
751,Ricky Ruselin,rruselinku@webeden.co.uk,Cost Accountant,Services,Male,904727
752,Marie Dorin,mdorinkv@chicagotribune.com,Marketing Assistant,Engineering,Female,573108
753,Astrid Dory,adorykw@google.ru,Senior Financial Analyst,Engineering,Polygender,172033
754,Griffin Whitelock,gwhitelockkx@prlog.org,Geologist IV,Research and Development,Male,31406
755,Margie Speakman,mspeakmanky@constantcontact.com,Help Desk Technician,Research and Development,Female,838704
756,Misty Fontin,mfontinkz@princeton.edu,GIS Technical Architect,Legal,Female,300678
757,Clement Dabnor,cdabnorl0@bbc.co.uk,Accounting Assistant I,Legal,Male,878492
758,Krystyna Lefley,klefleyl1@auda.org.au,Help Desk Operator,Support,Female,150404
759,Lilah Reynalds,lreynaldsl2@macromedia.com,Programmer II,Sales,Female,173166
760,Tani Gibbett,tgibbettl3@youtube.com,Operator,Marketing,Female,837848
761,Trip Parslow,tparslowl4@umn.edu,Geological Engineer,Support,Male,953864
762,Albie Porrett,aporrettl5@weebly.com,Engineer IV,Accounting,Male,246961
763,Golda Kleis,gkleisl6@ftc.gov,Media Manager IV,Support,Female,490122
764,Morgen Simnel,msimnell7@state.gov,Database Administrator I,Research and Development,Male,469141
765,Leonora Gaber,lgaberl8@stanford.edu,Quality Engineer,Services,Female,311885
766,Stefania Bemwell,sbemwelll9@huffingtonpost.com,Registered Nurse,Accounting,Female,753070
767,Babita McCallum,bmccallumla@squidoo.com,Electrical Engineer,Human Resources,Polygender,585835
768,Anatollo Caudrey,acaudreylb@clickbank.net,Research Associate,Support,Male,93991
769,Theda Mepham,tmephamlc@lycos.com,Nurse Practicioner,Engineering,Female,249625
770,Mei Pachta,mpachtald@stanford.edu,Senior Financial Analyst,Research and Development,Agender,444753
771,Donny Senten,dsentenle@vinaora.com,Speech Pathologist,Product Management,Male,147802
772,Aarika Janacek,ajanaceklf@topsy.com,Payment Adjustment Coordinator,Legal,Female,380138
773,Devonna Duck,dducklg@macromedia.com,Financial Analyst,Training,Female,732672
774,Nobe Meech,nmeechlh@xrea.com,Geologist II,Marketing,Male,178618
775,Gabie Tawn,gtawnli@php.net,Desktop Support Technician,Research and Development,Male,947035
776,Trumaine Avraam,tavraamlj@smugmug.com,Financial Advisor,Marketing,Male,110609
777,Ardene Standish-Brooks,astandishbrookslk@chronoengine.com,Administrative Assistant II,Legal,Female,276807
778,Ham Claringbold,hclaringboldll@live.com,Clinical Specialist,Engineering,Male,825366
779,Catharine Dinzey,cdinzeylm@naver.com,Senior Editor,Accounting,Female,127047
780,Giana Chrestien,gchrestienln@twitter.com,Assistant Professor,Research and Development,Female,301083
781,Harry Gayler,hgaylerlo@sina.com.cn,Project Manager,Services,Male,90922
782,Kaitlin Kment,kkmentlp@hibu.com,Engineer I,Services,Female,320093
783,Umeko Loraine,ulorainelq@latimes.com,Automation Specialist IV,Business Development,Female,234733
784,Vernor Hauck,vhaucklr@auda.org.au,VP Marketing,Business Development,Male,764375
785,Filberto Putland,fputlandls@admin.ch,Data Coordinator,Marketing,Male,870269
786,Cletus Willoway,cwillowaylt@sitemeter.com,Executive Secretary,Human Resources,Male,54969
787,Guenevere Winning,gwinninglu@ebay.com,Analyst Programmer,Sales,Female,107679
788,Bab Harefoot,bharefootlv@163.com,Geological Engineer,Human Resources,Female,574823
789,Bernhard Mackerness,bmackernesslw@msu.edu,Civil Engineer,Engineering,Male,952905
790,Laurens Mateus,lmateuslx@yellowpages.com,Civil Engineer,Accounting,Male,209853
791,Stace Scollan,sscollanly@live.com,Health Coach III,Services,Female,300267
792,Leanor Riepl,lriepllz@ow.ly,General Manager,Services,Female,929466
793,Marlin Percival,mpercivalm0@usda.gov,Developer I,Human Resources,Male,315379
794,Aurthur Colnet,acolnetm1@earthlink.net,Associate Professor,Human Resources,Male,293085
795,Damien Sutch,dsutchm2@craigslist.org,Software Consultant,Services,Male,687395
796,Emyle Lars,elarsm3@sohu.com,Software Test Engineer II,Accounting,Female,891685
797,Carlene Borgne,cborgnem4@unicef.org,Recruiter,Accounting,Female,709665
798,Duane Ewols,dewolsm5@psu.edu,GIS Technical Architect,Human Resources,Male,163677
799,Court Aleksandrov,caleksandrovm6@istockphoto.com,Senior Cost Accountant,Sales,Male,376806
800,Esmaria Arendsen,earendsenm7@constantcontact.com,Food Chemist,Support,Female,396284
801,Farrah Geoghegan,fgeogheganm8@mozilla.com,Operator,Research and Development,Female,859575
802,Radcliffe Alvarado,ralvaradom9@wisc.edu,GIS Technical Architect,Product Management,Male,877147
803,Cherri Pash,cpashma@youtube.com,Senior Sales Associate,Research and Development,Female,858188
804,Arlie Rosoni,arosonimb@storify.com,Statistician II,Sales,Female,118478
805,Cristian Hampe,champemc@marketwatch.com,Community Outreach Specialist,Support,Male,373957
806,Krispin Collis,kcollismd@comsenz.com,Account Executive,Engineering,Male,839345
807,Kalila Sharpous,ksharpousme@sogou.com,Senior Cost Accountant,Product Management,Polygender,944716
808,Ahmed Bang,abangmf@rediff.com,Account Executive,Human Resources,Male,618938
809,Jordan Boldry,jboldrymg@ox.ac.uk,Registered Nurse,Legal,Female,184398
810,Loren Tirrey,ltirreymh@vistaprint.com,Web Designer IV,Services,Genderqueer,676979
811,Ermina Izaac,eizaacmi@flickr.com,Cost Accountant,Product Management,Female,778118
812,Selena Sweatman,ssweatmanmj@virginia.edu,Technical Writer,Legal,Female,410844
813,Harper Denne,hdennemk@amazon.co.uk,Professor,Marketing,Male,844716
814,Chrisse Fishbourne,cfishbourneml@rediff.com,GIS Technical Architect,Support,Male,399571
815,Maynord Bingham,mbinghammm@prlog.org,Physical Therapy Assistant,Services,Male,895653
816,Milty Knotton,mknottonmn@ameblo.jp,Media Manager IV,Accounting,Male,787306
817,Bay Walburn,bwalburnmo@myspace.com,Safety Technician III,Product Management,Genderqueer,311512
818,Anita Gleadhell,agleadhellmp@amazon.co.jp,Biostatistician III,Legal,Female,325002
819,Antone Standbrook,astandbrookmq@examiner.com,Nurse Practicioner,Engineering,Male,701719
820,Tracey Naughton,tnaughtonmr@bloglovin.com,Structural Analysis Engineer,Legal,Genderfluid,206719
821,Mano Mc Ilwrick,mmcms@guardian.co.uk,Software Engineer IV,Research and Development,Bigender,820078
822,Delaney Sushams,dsushamsmt@moonfruit.com,GIS Technical Architect,Marketing,Male,869329
823,Alidia Dillimore,adillimoremu@tumblr.com,Accountant II,Product Management,Female,219365
824,Glenden Bourhill,gbourhillmv@indiatimes.com,Geologist I,Business Development,Male,692490
825,Gena Mabbs,gmabbsmw@springer.com,GIS Technical Architect,Services,Female,42835
826,Tommi Claworth,tclaworthmx@bbc.co.uk,Payment Adjustment Coordinator,Research and Development,Female,573039
827,Priscilla Olcot,polcotmy@dot.gov,Staff Scientist,Engineering,Female,246929
828,Noam Downton,ndowntonmz@census.gov,Nuclear Power Engineer,Human Resources,Male,197289
829,Adan Durant,adurantn0@is.gd,Account Coordinator,Sales,Female,389005
830,Loralyn Janoschek,ljanoschekn1@omniture.com,GIS Technical Architect,Accounting,Female,201867
831,Hendrick Tofanelli,htofanellin2@columbia.edu,Senior Developer,Engineering,Male,984016
832,Libby Querree,lquerreen3@slideshare.net,Systems Administrator III,Sales,Female,122219
833,Gearard Weale,gwealen4@taobao.com,Analyst Programmer,Business Development,Male,703068
834,Quinlan Mioni,qmionin5@homestead.com,Nurse,Human Resources,Bigender,510795
835,Raffarty Ambrogini,rambroginin6@ucoz.ru,Clinical Specialist,Support,Male,450238
836,Audrie Sansbury,asansburyn7@constantcontact.com,Sales Associate,Human Resources,Female,748013
837,Lorne Farebrother,lfarebrothern8@ustream.tv,Quality Engineer,Product Management,Female,741647
838,Orbadiah Rait,oraitn9@addthis.com,Information Systems Manager,Engineering,Male,730895
839,North Bagnold,nbagnoldna@newyorker.com,Database Administrator II,Research and Development,Male,529403
840,Lemar Domenichini,ldomenichininb@creativecommons.org,Staff Accountant I,Support,Male,340659
841,Pavla Gemelli,pgemellinc@upenn.edu,Tax Accountant,Human Resources,Female,567061
842,Jan Schubart,jschubartnd@japanpost.jp,Civil Engineer,Business Development,Male,228435
843,Garrick Tenby,gtenbyne@un.org,Structural Engineer,Services,Male,716392
844,Eugine Gebhard,egebhardnf@npr.org,Clinical Specialist,Accounting,Polygender,988850
845,Delmore Jennings,djenningsng@diigo.com,Geologist I,Training,Male,422549
846,Marris Lindeberg,mlindebergnh@creativecommons.org,Human Resources Assistant II,Marketing,Female,542047
847,Bertie Kleinplac,bkleinplacni@va.gov,Community Outreach Specialist,Research and Development,Male,844286
848,Winn Tilbey,wtilbeynj@freewebs.com,Product Engineer,Services,Male,489453
849,Mehetabel Tyndall,mtyndallnk@ycombinator.com,Human Resources Manager,Legal,Female,689572
850,Johnna Khrishtafovich,jkhrishtafovichnl@who.int,Recruiter,Accounting,Female,970429
851,Jocko Hyam,jhyamnm@pinterest.com,Media Manager II,Sales,Male,181445
852,Alister Lambis,alambisnn@spotify.com,Safety Technician III,Marketing,Male,612443
853,Eddy Saunton,esauntonno@flavors.me,Teacher,Accounting,Male,860448
854,Samara Heinonen,sheinonennp@photobucket.com,Assistant Manager,Sales,Female,766346
855,Kanya Gronow,kgronownq@blogs.com,Research Associate,Human Resources,Female,991972
856,Vivyanne Dary,vdarynr@yahoo.com,Occupational Therapist,Accounting,Female,447448
857,Haslett Orpyne,horpynens@statcounter.com,Environmental Specialist,Marketing,Male,129280
858,Kariotta Crosfield,kcrosfieldnt@salon.com,Compensation Analyst,Business Development,Female,188894
859,Kittie Skillern,kskillernnu@about.me,VP Marketing,Support,Female,439959
860,Deane Gajownik,dgajowniknv@usnews.com,Research Nurse,Training,Female,238671
861,Myles Staneland,mstanelandnw@who.int,Paralegal,Support,Male,806111
862,Chaddie Humby,chumbynx@a8.net,Database Administrator III,Services,Male,681034
863,Jenn Sleath,jsleathny@jigsy.com,Executive Secretary,Sales,Female,559010
864,Jessica Thumnel,jthumnelnz@cloudflare.com,Physical Therapy Assistant,Human Resources,Female,577512
865,Upton Faichnie,ufaichnieo0@deliciousdays.com,Web Developer IV,Product Management,Male,356386
866,Fancy Drewitt,fdrewitto1@reference.com,Sales Associate,Research and Development,Genderqueer,790388
867,Myrvyn Beushaw,mbeushawo2@comcast.net,Assistant Professor,Training,Male,831226
868,Davina Fust,dfusto3@artisteer.com,Media Manager IV,Human Resources,Female,998920
869,Romola Glader,rgladero4@upenn.edu,Safety Technician I,Product Management,Female,866567
870,Michel Northeast,mnortheasto5@loc.gov,Dental Hygienist,Legal,Male,854380
871,Ezechiel Asple,easpleo6@360.cn,Administrative Officer,Product Management,Bigender,908805
872,Viole Noller,vnollero7@sina.com.cn,VP Quality Control,Product Management,Female,123499
873,Leela Volker,lvolkero8@home.pl,Recruiting Manager,Legal,Female,32998
874,Ofelia MacGaughie,omacgaughieo9@wisc.edu,Nurse Practicioner,Engineering,Female,843593
875,Shep Figge,sfiggeoa@jugem.jp,Web Developer IV,Human Resources,Male,500836
876,Goldi Shayes,gshayesob@java.com,Environmental Specialist,Sales,Female,508900
877,Evvy Flacknoe,eflacknoeoc@over-blog.com,Human Resources Assistant IV,Training,Female,901901
878,Aldric Branni,abranniod@macromedia.com,Account Executive,Training,Male,48713
879,Cristal Robillard,crobillardoe@mayoclinic.com,Structural Engineer,Marketing,Female,720842
880,Nikkie Boldock,nboldockof@freewebs.com,Sales Associate,Product Management,Female,304808
881,Adolphus Willcocks,awillcocksog@noaa.gov,Administrative Officer,Services,Male,773123
882,Ame Greening,agreeningoh@netscape.com,Senior Quality Engineer,Sales,Female,495507
883,Madelle Bartoszinski,mbartoszinskioi@europa.eu,Junior Executive,Human Resources,Agender,193108
884,Othello Brende,obrendeoj@gnu.org,Librarian,Support,Male,480619
885,Tymothy Spoole,tspooleok@tuttocitta.it,Payment Adjustment Coordinator,Accounting,Male,25491
886,Nonnah Haylor,nhaylorol@vk.com,Operator,Legal,Female,773821
887,Llywellyn Cammomile,lcammomileom@hao123.com,Professor,Business Development,Male,270179
888,Gerda Leeburn,gleeburnon@twitpic.com,Budget/Accounting Analyst II,Product Management,Non-binary,567383
889,Connie Power,cpoweroo@ed.gov,Programmer II,Services,Female,404116
890,Rebeka Pettegre,rpettegreop@bloglines.com,Nurse,Product Management,Female,565115
891,Clarie Francomb,cfrancomboq@51.la,Marketing Assistant,Human Resources,Female,772596
892,Fredric L'Episcopi,flepiscopior@opera.com,Web Developer IV,Support,Male,337414
893,Rochette Sammars,rsammarsos@hibu.com,Account Coordinator,Services,Genderqueer,248582
894,Trula Tootin,ttootinot@washingtonpost.com,Programmer III,Sales,Female,85796
895,Warde Klich,wklichou@delicious.com,Registered Nurse,Services,Male,516754
896,Lyle Geipel,lgeipelov@a8.net,Office Assistant IV,Sales,Male,729246
897,Avigdor Glide,aglideow@ovh.net,Community Outreach Specialist,Product Management,Male,898545
898,Egbert Tripony,etriponyox@edublogs.org,General Manager,Legal,Male,896631
899,Tiebold Moriarty,tmoriartyoy@mtv.com,Accounting Assistant III,Sales,Male,386416
900,Kath Downs,kdownsoz@ocn.ne.jp,VP Sales,Accounting,Female,634671
901,Norrie Handley,nhandleyp0@163.com,Web Designer IV,Marketing,Male,451743
902,Dyna Riep,driepp1@purevolume.com,Human Resources Manager,Human Resources,Female,695663
903,Clemente Davsley,cdavsleyp2@pcworld.com,Help Desk Operator,Support,Genderqueer,949094
904,Shelly Veasey,sveaseyp3@nbcnews.com,Nurse Practicioner,Sales,Female,127829
905,Barrie Blais,bblaisp4@addthis.com,Office Assistant III,Human Resources,Female,75454
906,Ly Hargreaves,lhargreavesp5@indiatimes.com,Help Desk Technician,Engineering,Male,440156
907,Alexandr Titlow,atitlowp6@booking.com,Director of Sales,Training,Agender,932899
908,Otho Drillot,odrillotp7@google.es,Developer III,Training,Male,351353
909,Wilow Peperell,wpeperellp8@flavors.me,Research Nurse,Product Management,Female,883332
910,Remus Bartos,rbartosp9@ow.ly,General Manager,Services,Male,564398
911,Slade Housecraft,shousecraftpa@unesco.org,Recruiting Manager,Marketing,Bigender,780774
912,Mallissa Marvell,mmarvellpb@icq.com,Account Representative I,Services,Female,984705
913,Tammy Dillet,tdilletpc@ezinearticles.com,Analyst Programmer,Business Development,Male,591972
914,Archambault Bannester,abannesterpd@indiegogo.com,Administrative Assistant I,Support,Male,393826
915,Weylin Ca,wcape@google.co.uk,Nurse Practicioner,Marketing,Male,472178
916,Berget Shinefield,bshinefieldpf@sciencedirect.com,Geological Engineer,Accounting,Female,540030
917,Livia Mustill,lmustillpg@slideshare.net,Speech Pathologist,Human Resources,Female,812554
918,Merrel Danslow,mdanslowph@apple.com,Graphic Designer,Support,Male,776100
919,Isidro Brelsford,ibrelsfordpi@wix.com,Senior Developer,Research and Development,Male,677488
920,Irma Descroix,idescroixpj@smh.com.au,Research Nurse,Engineering,Female,308891
921,Claudina Neubigging,cneubiggingpk@cafepress.com,Technical Writer,Marketing,Female,57523
922,Reggie Leafe,rleafepl@opensource.org,Information Systems Manager,Research and Development,Male,468810
923,Berni Le Fleming,blepm@youtu.be,Civil Engineer,Sales,Female,708407
924,Neddy Bresman,nbresmanpn@dagondesign.com,Information Systems Manager,Engineering,Male,459857
925,Daven Zanutti,dzanuttipo@unc.edu,Media Manager III,Engineering,Male,806927
926,Gifford Imlacke,gimlackepp@quantcast.com,Safety Technician IV,Training,Male,471133
927,Juan Godsafe,jgodsafepq@ft.com,Nurse Practicioner,Support,Male,507025
928,Cherilyn Bednell,cbednellpr@devhub.com,Office Assistant I,Legal,Female,773715
929,Trent Kingsnoad,tkingsnoadps@paypal.com,Quality Engineer,Support,Male,656885
930,Verile Woodings,vwoodingspt@globo.com,VP Marketing,Product Management,Female,643690
931,Sarge Falconbridge,sfalconbridgepu@google.com.br,Tax Accountant,Marketing,Male,964335
932,Benn Farebrother,bfarebrotherpv@cisco.com,Structural Analysis Engineer,Legal,Male,25637
933,Arlan Challiner,achallinerpw@cisco.com,Sales Representative,Support,Male,614112
934,Vikki Boykett,vboykettpx@auda.org.au,Environmental Tech,Training,Female,110330
935,Grayce Petow,gpetowpy@pagesperso-orange.fr,Information Systems Manager,Product Management,Agender,407830
936,Margy Featonby,mfeatonbypz@hc360.com,Senior Developer,Product Management,Female,888781
937,Pier Slaughter,pslaughterq0@ocn.ne.jp,Automation Specialist I,Business Development,Female,644273
938,Bink Wewell,bwewellq1@wordpress.com,Dental Hygienist,Engineering,Male,675376
939,Chariot Merwood,cmerwoodq2@amazon.de,Registered Nurse,Marketing,Male,453241
940,Evelin Blackadder,eblackadderq3@microsoft.com,Analyst Programmer,Research and Development,Male,55839
941,Alic Pevreal,apevrealq4@youku.com,Quality Control Specialist,Business Development,Bigender,231992
942,Tory Tomala,ttomalaq5@who.int,Pharmacist,Services,Genderqueer,30353
943,Margie Narup,mnarupq6@mit.edu,Quality Control Specialist,Legal,Female,525056
944,Birk Ivy,bivyq7@barnesandnoble.com,Account Executive,Support,Agender,674759
945,Julita Cathro,jcathroq8@cnbc.com,Software Engineer IV,Marketing,Female,997382
946,Danny Behning,dbehningq9@ucla.edu,Senior Cost Accountant,Human Resources,Male,236090
947,Goddart Chattell,gchattellqa@about.com,Senior Sales Associate,Product Management,Male,968895
948,Kerrie Knowlton,kknowltonqb@cisco.com,Developer I,Human Resources,Female,947758
949,Ivette Bambery,ibamberyqc@indiegogo.com,Physical Therapy Assistant,Accounting,Female,824233
950,Lisetta Yushin,lyushinqd@issuu.com,Payment Adjustment Coordinator,Human Resources,Female,910828
951,Kristen Edes,kedesqe@ycombinator.com,Human Resources Manager,Training,Polygender,720114
952,Donna Harg,dhargqf@house.gov,VP Accounting,Services,Female,765762
953,Salli Mc Comb,smcqg@marriott.com,Programmer I,Human Resources,Female,755031
954,Hube Eye,heyeqh@utexas.edu,Senior Editor,Research and Development,Male,979085
955,Ara Christou,achristouqi@census.gov,Occupational Therapist,Training,Genderqueer,389082
956,Zebulen Vaneev,zvaneevqj@bravesites.com,Payment Adjustment Coordinator,Research and Development,Male,628384
957,Inglis Woodruffe,iwoodruffeqk@rambler.ru,Help Desk Operator,Legal,Agender,391860
958,Dennie Bachmann,dbachmannql@hatena.ne.jp,Developer III,Engineering,Male,338559
959,Terrel Kissack,tkissackqm@techcrunch.com,Senior Cost Accountant,Legal,Male,284034
960,Julian Enevoldsen,jenevoldsenqn@github.io,Graphic Designer,Marketing,Male,769334
961,Loreen Kleiner,lkleinerqo@dion.ne.jp,Graphic Designer,Accounting,Female,597513
962,Mendie Sinncock,msinncockqp@tmall.com,Research Assistant I,Accounting,Male,868183
963,Fawnia Wolstencroft,fwolstencroftqq@bizjournals.com,Senior Cost Accountant,Training,Female,301693
964,Cozmo Petegrew,cpetegrewqr@hugedomains.com,Teacher,Legal,Male,364277
965,Shalne Miebes,smiebesqs@huffingtonpost.com,Marketing Manager,Services,Female,887227
966,Daryl Skase,dskaseqt@businessweek.com,Administrative Officer,Marketing,Male,285075
967,Mala Reimers,mreimersqu@unesco.org,Senior Quality Engineer,Sales,Genderqueer,480934
968,Mahmud Paddington,mpaddingtonqv@cbslocal.com,Programmer Analyst II,Business Development,Male,823393
969,Bucky Stoner,bstonerqw@woothemes.com,Operator,Marketing,Male,864537
970,Diarmid Gorstidge,dgorstidgeqx@elpais.com,Systems Administrator I,Human Resources,Genderfluid,483131
971,Gasper Simkovitz,gsimkovitzqy@mlb.com,Assistant Professor,Support,Male,623866
972,Albie Kimmitt,akimmittqz@rambler.ru,Health Coach I,Business Development,Male,557299
973,Huey Eronie,heronier0@twitpic.com,Structural Analysis Engineer,Legal,Male,95959
974,Rufe Abrahmovici,rabrahmovicir1@jiathis.com,Paralegal,Support,Male,59409
975,Samuel Calvard,scalvardr2@ustream.tv,Compensation Analyst,Support,Male,783591
976,Bruce Stillgoe,bstillgoer3@woothemes.com,Health Coach III,Training,Genderqueer,309085
977,Franklin Greswell,fgreswellr4@skype.com,Senior Quality Engineer,Product Management,Male,414227
978,Seamus Goggins,sgogginsr5@techcrunch.com,VP Sales,Marketing,Male,70758
979,Corey Looby,cloobyr6@fema.gov,Graphic Designer,Services,Female,789305
980,Sheba Eeles,seelesr7@newyorker.com,Human Resources Assistant II,Engineering,Female,821292
981,Gayle Yurivtsev,gyurivtsevr8@miitbeian.gov.cn,Developer III,Accounting,Male,427872
982,Shirleen Roly,srolyr9@toplist.cz,Media Manager II,Research and Development,Genderfluid,175120
983,Darci Galle,dgallera@surveymonkey.com,Biostatistician I,Sales,Female,511420
984,Wang Parfrey,wparfreyrb@ycombinator.com,Occupational Therapist,Sales,Male,860725
985,Jess Koppens,jkoppensrc@go.com,Geologist I,Human Resources,Male,384766
986,Gan Biles,gbilesrd@state.tx.us,Geologist III,Accounting,Male,87951
987,Guglielmo Drivers,gdriversre@technorati.com,Assistant Professor,Legal,Male,395299
988,Freddy Vickress,fvickressrf@dedecms.com,Director of Sales,Human Resources,Male,686854
989,Elmer Newlove,enewloverg@goo.gl,Office Assistant II,Legal,Male,53010
990,Brandyn Gillanders,bgillandersrh@phpbb.com,Registered Nurse,Product Management,Male,835681
991,Clarita Wisam,cwisamri@studiopress.com,Environmental Tech,Human Resources,Female,161082
992,Malchy Proschek,mproschekrj@bing.com,Design Engineer,Training,Male,362012
993,Link Commusso,lcommussork@utexas.edu,VP Accounting,Human Resources,Male,271278
994,Kennedy Maccari,kmaccarirl@stanford.edu,Senior Cost Accountant,Support,Genderfluid,512466
995,Dominick Wybourne,dwybournerm@dyndns.org,Information Systems Manager,Engineering,Male,424483
996,Yance Dunphy,ydunphyrn@dell.com,Legal Assistant,Human Resources,Polygender,930740
997,Duffie Deshon,ddeshonro@lycos.com,Internal Auditor,Legal,Male,936241
998,Evin Wagg,ewaggrp@godaddy.com,Information Systems Manager,Marketing,Genderfluid,183583
999,Myrna Sheepy,msheepyrq@time.com,Financial Analyst,Sales,Female,616841
1000,Westbrook Checchetelli,wchecchetellirr@umich.edu,Occupational Therapist,Marketing,Male,870002
