profile_id,first_name,last_name,address,gender,phone_number,DOB
1,Fielding,Dabourne,fdabourne0@redcross.org,Male,9749770942,04/08/2005
2,Doralin,Truluck,dtruluck1@miibeian.gov.cn,Female,8101223973,29/11/2002
3,Ardisj,Artiss,aartiss2@topsy.com,Female,7635651754,26/03/2014
4,Luisa,Scarsbrooke,lscarsbrooke3@webs.com,Female,1012044500,04/10/1991
5,Shalne,Dudley,sdudley4@weibo.com,Female,7552222184,20/05/2012
6,Benni,Flanne,bflanne5@canalblog.com,Female,3236782602,30/04/2019
7,Barton,Blainey,bblainey6@usa.gov,Male,4561516535,14/06/2015
8,Flinn,Sirmon,fsirmon7@webeden.co.uk,Male,2202716795,29/10/1999
9,Ray,Swane,rswane8@wiley.com,Female,6413524743,02/09/1996
10,Allyce,Abrami,aabrami9@marriott.com,Female,8111621774,20/06/2008
11,Cordie,Tal,ctala@unicef.org,Male,8788670461,02/10/2010
12,Mirella,Tall,mtallb@arstechnica.com,Female,7937333858,08/06/1998
13,Raf,Braunter,rbraunterc@disqus.com,Polygender,2397484096,07/12/2005
14,Keeley,Schrei,kschreid@arizona.edu,Female,1722791337,18/07/2008
15,Lily,Bruhnicke,lbruhnickee@umich.edu,Female,2839697477,14/11/2011
16,Dugald,Kop,dkopf@wisc.edu,Male,7813507721,27/04/2002
17,Ava,MacNab,amacnabg@bloomberg.com,Female,7275072861,12/05/2007
18,Zachary,Cater,zcaterh@unesco.org,Male,7729634096,28/10/2004
19,Rosanna,Guyan,rguyani@wsj.com,Female,3754568277,09/09/2003
20,Tom,Sudworth,tsudworthj@who.int,Male,1177334379,13/09/2012
21,Sibyl,Sugars,ssugarsk@sitemeter.com,Female,6703990386,25/06/2014
22,Brandais,Turnor,bturnorl@blogs.com,Female,1454985531,30/04/2002
23,Helenelizabeth,Berkeley,hberkeleym@si.edu,Female,6413986353,08/01/2008
24,Sherlock,Gronaller,sgronallern@weather.com,Non-binary,9222854547,10/04/1996
25,Jaquenette,Petracco,jpetraccoo@fastcompany.com,Female,2975266119,09/10/2002
26,Dag,MacAndrew,dmacandrewp@etsy.com,Male,2288584468,05/10/1993
27,Avrom,Follit,afollitq@about.me,Male,8637460779,04/11/1999
28,Ketty,Ross,krossr@mapy.cz,Female,5586454928,18/01/1995
29,Lilian,Lebourn,llebourns@goodreads.com,Female,6152614246,01/08/2006
30,Elysha,Parkisson,eparkissont@forbes.com,Female,6856954662,14/09/2011
31,Jacob,Hickin,jhickinu@scientificamerican.com,Male,8291269028,30/12/2002
32,Blondelle,Poleykett,bpoleykettv@marketwatch.com,Female,6157942292,28/12/2005
33,Gweneth,Berger,gbergerw@tmall.com,Female,6632611039,05/03/2005
34,Sisely,Werlock,swerlockx@about.me,Female,4108068582,12/10/2009
35,Addy,Leverson,aleversony@wufoo.com,Male,3994460995,28/11/2007
36,Derry,Caudrelier,dcaudrelierz@time.com,Male,3357428681,29/03/2008
37,Griffie,Basford,gbasford10@hao123.com,Male,5201362542,23/03/1999
38,Kristoffer,MacConnal,kmacconnal11@bloglovin.com,Male,9959877497,26/03/2013
39,Anatollo,Lisamore,alisamore12@washingtonpost.com,Male,8673314906,04/09/1995
40,Pammi,Seely,pseely13@plala.or.jp,Female,9416530225,04/05/2017
41,Flinn,Bole,fbole14@opensource.org,Male,8591003729,19/03/1998
42,Koral,Veysey,kveysey15@comcast.net,Female,5244524515,14/08/2008
43,Rina,Brobyn,rbrobyn16@hubpages.com,Female,2055632826,18/12/1992
44,Buck,Prudham,bprudham17@studiopress.com,Male,1002308488,02/09/2008
45,Brion,Raccio,braccio18@wiley.com,Male,3509000404,15/08/2016
46,Luciano,Krysiak,lkrysiak19@ovh.net,Male,3926721572,25/06/2013
47,Hogan,Burker,hburker1a@acquirethisname.com,Male,8204707930,03/06/2017
48,Jacky,McKernan,jmckernan1b@surveymonkey.com,Female,6717593946,22/06/2004
49,Sherrie,Titmarsh,stitmarsh1c@toplist.cz,Polygender,7805730874,20/05/1999
50,Godart,Casaletto,gcasaletto1d@mail.ru,Male,4418099160,17/06/2007
51,Leshia,Grolmann,lgrolmann1e@diigo.com,Female,4773897781,22/10/2009
52,Eldin,Borrott,eborrott1f@google.com.br,Male,8362403093,19/09/2000
53,Lilllie,Taunton.,ltaunton1g@sogou.com,Female,2135578932,19/10/2011
54,Vernon,Sopp,vsopp1h@cmu.edu,Male,2494066051,19/04/2019
55,Daphene,Cosstick,dcosstick1i@devhub.com,Non-binary,2389375590,17/03/2015
56,Geri,Asquez,gasquez1j@privacy.gov.au,Male,8488136356,10/09/1998
57,Davon,Wilkisson,dwilkisson1k@weibo.com,Male,3538251102,26/12/1993
58,Kalli,Toothill,ktoothill1l@google.com,Female,8876089682,14/12/1997
59,Kaylil,Whitney,kwhitney1m@engadget.com,Polygender,1024121355,11/09/2004
60,Patricia,Innott,pinnott1n@aboutads.info,Female,6592871765,04/01/2006
61,Elli,Oldridge,eoldridge1o@army.mil,Female,6431429666,23/02/1994
62,Cristie,Dunbabin,cdunbabin1p@nbcnews.com,Female,4049272450,10/06/1999
63,Dorothy,Sowter,dsowter1q@howstuffworks.com,Female,9527262395,14/08/1994
64,Igor,Kuhnert,ikuhnert1r@so-net.ne.jp,Male,2563634916,20/02/2014
65,Dru,Scneider,dscneider1s@hibu.com,Male,4925889970,16/02/1991
66,Rosanna,Bedwell,rbedwell1t@themeforest.net,Female,8281693758,15/04/2005
67,Vassily,Beddows,vbeddows1u@fema.gov,Male,9506273150,10/03/2001
68,Gerrilee,Geratasch,ggeratasch1v@fotki.com,Female,5643419601,06/01/2006
69,Benson,Farryann,bfarryann1w@ted.com,Male,6873878393,28/06/2009
70,Florella,Dulake,fdulake1x@163.com,Non-binary,2067833194,27/12/2002
71,Faye,McKeag,fmckeag1y@google.ru,Female,8914400551,06/12/1999
72,Corrinne,Manvelle,cmanvelle1z@businesswire.com,Female,7858440721,19/09/1993
73,Moises,Bausmann,mbausmann20@techcrunch.com,Genderqueer,8693768856,10/01/1995
74,Verge,McCarly,vmccarly21@bing.com,Male,4012936304,09/02/1995
75,Roderick,Dunbavin,rdunbavin22@ezinearticles.com,Male,7176665667,03/02/1995
76,Lucine,Dearn,ldearn23@360.cn,Female,8512609637,13/09/2011
77,Jasmin,Purselowe,jpurselowe24@sitemeter.com,Female,2477938816,24/04/2008
78,Kipper,Yude,kyude25@canalblog.com,Male,6184472087,07/05/1997
79,Sargent,Echallier,sechallier26@ihg.com,Male,9214249079,24/08/2012
80,Lorrie,Docket,ldocket27@cnn.com,Male,9292343766,12/08/2016
81,Heywood,Dunsmore,hdunsmore28@symantec.com,Male,5323870937,14/04/2011
82,Ulberto,Hellwig,uhellwig29@chicagotribune.com,Male,1561768231,25/03/1997
83,Briny,Gearing,bgearing2a@opera.com,Female,6354233326,12/02/2012
84,Oralle,Beckles,obeckles2b@ox.ac.uk,Female,5713971247,13/02/2006
85,Harwell,Bratton,hbratton2c@spotify.com,Male,4875429991,11/06/2014
86,Abbe,McLese,amclese2d@taobao.com,Male,9487127110,10/01/1997
87,Abeu,Merlin,amerlin2e@cmu.edu,Male,9848266963,01/01/2000
88,Jenifer,Kinnane,jkinnane2f@e-recht24.de,Female,3465980739,29/05/2017
89,Kimberli,McClements,kmcclements2g@loc.gov,Female,1501371943,07/03/2009
90,Berke,Cumberbatch,bcumberbatch2h@hc360.com,Male,4949452632,09/02/1994
91,Boote,Vigors,bvigors2i@mac.com,Male,8164637381,04/08/2018
92,Lilas,Hens,lhens2j@geocities.jp,Female,1225663177,14/09/1998
93,Patricia,Gladstone,pgladstone2k@cbc.ca,Female,7021834451,09/07/2018
94,Sandy,Gierck,sgierck2l@wunderground.com,Female,1047487408,15/06/2004
95,Ailey,Bucknill,abucknill2m@go.com,Female,7001926955,26/05/2000
96,Perceval,Torbeck,ptorbeck2n@privacy.gov.au,Agender,2843407371,24/02/2010
97,Renate,Boyce,rboyce2o@twitter.com,Female,5519367120,16/09/1992
98,Merrill,Selburn,mselburn2p@bing.com,Genderqueer,2314437517,10/11/2011
99,Brandon,Toor,btoor2q@sphinn.com,Male,2987196177,07/07/2001
100,Roseanna,Ayto,rayto2r@mlb.com,Female,2427891512,07/03/1993
101,Joanie,Liddall,jliddall2s@multiply.com,Female,7565363363,27/12/1994
102,Philis,Setterthwait,psetterthwait2t@dedecms.com,Female,4328385686,23/02/2012
103,Giorgia,Immins,gimmins2u@networksolutions.com,Female,5072992801,13/01/2008
104,Anne,Begwell,abegwell2v@wordpress.com,Female,8758946965,16/08/2012
105,Say,Conibeer,sconibeer2w@accuweather.com,Genderfluid,8273004322,29/06/1999
106,Ivy,Guiett,iguiett2x@discuz.net,Female,3006635972,31/05/2014
107,Ernie,Tesauro,etesauro2y@about.com,Male,9822271449,03/11/1995
108,Ulises,Desbrow,udesbrow2z@baidu.com,Male,4405450693,09/12/1999
109,Scarface,Binnie,sbinnie30@clickbank.net,Male,9292369688,02/09/2006
110,Ashil,Hattam,ahattam31@netvibes.com,Female,4436053377,29/01/2002
111,Brad,Royans,broyans32@cafepress.com,Male,2025510963,28/03/1994
112,Ginni,Filippi,gfilippi33@clickbank.net,Female,1092263843,21/07/2018
113,Jordanna,Sterzaker,jsterzaker34@cisco.com,Female,6369186587,12/01/2018
114,Osmund,Bowfin,obowfin35@sitemeter.com,Male,8858459942,28/05/2014
115,Jacqui,Mattessen,jmattessen36@paypal.com,Female,3165219132,08/08/2015
116,Noelle,Mashal,nmashal37@vistaprint.com,Female,3285115232,08/09/2007
117,Jinny,Huntley,jhuntley38@mit.edu,Female,1364556110,27/08/2002
118,Archie,Vanichkin,avanichkin39@dmoz.org,Male,3377658806,04/04/2000
119,Gertie,Shurville,gshurville3a@ebay.co.uk,Female,3046659241,09/01/2017
120,Mia,Mattis,mmattis3b@uol.com.br,Female,4989640820,08/10/1997
121,Mahmud,Tattersill,mtattersill3c@redcross.org,Male,1108753873,20/07/2002
122,Bale,Minor,bminor3d@xrea.com,Non-binary,5906581425,08/03/2015
123,Weylin,Iuorio,wiuorio3e@jigsy.com,Male,5628238271,14/11/1993
124,Rochell,Dietsche,rdietsche3f@cnbc.com,Female,9907693429,28/05/2009
125,Torey,Gullan,tgullan3g@mashable.com,Female,9058867904,24/07/1992
126,Lennard,Heaphy,lheaphy3h@apache.org,Male,4328281893,01/10/2017
127,Cindi,Casetti,ccasetti3i@wisc.edu,Female,2719470909,13/04/1997
128,Cora,Dahmel,cdahmel3j@sitemeter.com,Female,8679710321,04/06/1993
129,Marya,Orto,morto3k@constantcontact.com,Female,4288092943,30/05/2004
130,Larisa,Hancorn,lhancorn3l@forbes.com,Female,8891554916,28/12/1994
131,Charmaine,Saywell,csaywell3m@example.com,Genderqueer,3679157858,18/05/1999
132,Cesare,Aubrey,caubrey3n@jiathis.com,Male,2925746042,03/11/2018
133,Bailie,MacCartair,bmaccartair3o@illinois.edu,Male,2815091378,19/11/2017
134,Anselma,Krolik,akrolik3p@about.me,Female,7449067119,17/10/1993
135,Xaviera,Sandon,xsandon3q@japanpost.jp,Female,1099074113,23/11/1993
136,Serena,McDermid,smcdermid3r@google.co.uk,Female,2801022151,08/08/1993
137,Kareem,Itzchaki,kitzchaki3s@addthis.com,Male,2256545600,19/03/2016
138,Rickie,MacCaig,rmaccaig3t@google.co.uk,Female,4111279666,30/07/2012
139,Carolann,Jaxon,cjaxon3u@bandcamp.com,Genderqueer,5938606750,20/09/1999
140,Theda,Wickwarth,twickwarth3v@jalbum.net,Non-binary,9247356619,23/06/1995
141,Daisi,Victor,dvictor3w@biblegateway.com,Female,1965713024,20/04/1997
142,Andreas,Teresa,ateresa3x@mayoclinic.com,Male,3217173123,21/12/2009
143,Bevin,Revell,brevell3y@google.com,Male,4662498384,24/10/2009
144,Blinny,De La Salle,bdelasalle3z@yelp.com,Female,5322255336,20/02/2015
145,Coleen,Watchorn,cwatchorn40@fda.gov,Female,3539755204,23/09/2009
146,Nappie,Chadwell,nchadwell41@unc.edu,Male,8585916320,18/07/2000
147,Helga,Radish,hradish42@virginia.edu,Female,2655923550,04/03/1997
148,Fonz,Ferencz,fferencz43@cargocollective.com,Male,2642242921,16/03/2004
149,Danila,Collman,dcollman44@statcounter.com,Female,1702495673,05/10/2006
150,Garwood,Antonoyev,gantonoyev45@answers.com,Male,4099803777,28/07/1993
151,Ly,Kellert,lkellert46@chron.com,Polygender,5043263404,14/07/2010
152,Raye,Adamini,radamini47@mapquest.com,Female,3229912929,22/05/2004
153,Theobald,Joplin,tjoplin48@tripod.com,Male,3897133098,10/06/2010
154,Nathanial,Gofforth,ngofforth49@qq.com,Male,3814439913,05/05/2014
155,Alley,Boc,aboc4a@prweb.com,Male,5183455893,26/04/2011
156,Lamont,Cestard,lcestard4b@com.com,Male,6299239165,01/02/2018
157,Woodrow,Ruilton,wruilton4c@drupal.org,Male,1841162367,07/07/2001
158,Ray,Humbie,rhumbie4d@ft.com,Male,4015085684,29/07/2017
159,Winnie,Lapthorne,wlapthorne4e@mayoclinic.com,Female,7407095653,04/06/2015
160,Lynn,Duffet,lduffet4f@zimbio.com,Male,2849124228,28/01/2017
161,Daune,Flamank,dflamank4g@amazon.co.uk,Female,1113808465,18/10/2017
162,Grant,Tweedell,gtweedell4h@loc.gov,Male,1778544450,03/01/1992
163,Perren,McGillacoell,pmcgillacoell4i@nhs.uk,Male,7547373945,08/12/1994
164,Merwin,Aristide,maristide4j@t.co,Genderqueer,7939734780,06/12/2013
165,Micaela,Newman,mnewman4k@infoseek.co.jp,Female,4753765348,14/05/2011
166,Constantin,Kuhwald,ckuhwald4l@domainmarket.com,Male,2129068445,19/03/1995
167,Abe,Tocher,atocher4m@ed.gov,Male,1235002704,09/03/1991
168,Padriac,Whyborne,pwhyborne4n@vistaprint.com,Male,1748417920,29/10/2001
169,Friedrich,Libermore,flibermore4o@flavors.me,Male,1204503368,28/10/2007
170,Janean,Altofts,jaltofts4p@upenn.edu,Female,1287395159,16/06/1992
171,Cobb,Galero,cgalero4q@cnn.com,Male,7249378917,25/09/2015
172,Hermine,Klimes,hklimes4r@cdbaby.com,Female,4738029794,27/11/1992
173,Sosanna,Turfrey,sturfrey4s@homestead.com,Female,7705144827,16/12/2014
174,Cora,Dance,cdance4t@merriam-webster.com,Female,7251819155,13/04/1999
175,Stephen,Outhwaite,southwaite4u@arstechnica.com,Male,8448382418,10/05/1994
176,Emmery,Dallywater,edallywater4v@boston.com,Male,7751624831,04/06/2001
177,Morganica,Procter,mprocter4w@dell.com,Female,1258987249,13/03/2011
178,Anny,Flores,aflores4x@economist.com,Female,4627425851,28/01/2015
179,Brendin,Hayller,bhayller4y@amazon.de,Male,3049772869,15/09/2012
180,Storm,Minmagh,sminmagh4z@flavors.me,Genderfluid,5742774488,19/10/2005
181,Geoffrey,Tibbetts,gtibbetts50@qq.com,Male,9002636827,02/12/1998
182,Carver,Austin,caustin51@loc.gov,Male,2146277120,07/06/2008
183,Rainer,Johnys,rjohnys52@mit.edu,Male,1426107492,16/11/2005
184,Eustace,Eirwin,eeirwin53@mapy.cz,Male,3613318758,15/02/2008
185,Rinaldo,Hartil,rhartil54@reddit.com,Male,8349464200,19/07/2001
186,Gilles,Murford,gmurford55@uol.com.br,Male,1249740366,13/12/1996
187,Florinda,Charlton,fcharlton56@smugmug.com,Female,4955698312,02/06/2017
188,Gabriela,Sullly,gsullly57@rambler.ru,Female,4297016196,18/03/1991
189,Daveta,Morcom,dmorcom58@exblog.jp,Female,6593687608,04/10/1998
190,Jobi,Hamshaw,jhamshaw59@devhub.com,Female,2143423854,09/05/1993
191,Ruthy,Mithon,rmithon5a@elegantthemes.com,Female,8293832095,16/03/2000
192,Glyn,Natte,gnatte5b@google.co.uk,Female,7427016246,15/01/2009
193,Bink,Elias,belias5c@businessinsider.com,Male,6929169923,16/11/1994
194,Marlin,Van Arsdall,mvanarsdall5d@over-blog.com,Male,8142405086,05/09/2005
195,George,Jeste,gjeste5e@pen.io,Male,9726850286,17/07/2018
196,Theo,Palfrie,tpalfrie5f@netvibes.com,Male,5631283261,02/01/2001
197,Maurizia,Fossett,mfossett5g@hexun.com,Female,6564376295,20/09/1991
198,Dacia,Frogley,dfrogley5h@smh.com.au,Female,7054826108,14/07/2007
199,Gradeigh,Dymond,gdymond5i@admin.ch,Male,2676554811,05/07/1998
200,Adams,Vedstra,avedstra5j@51.la,Male,1513716329,18/01/2018
201,Bartholomeo,Faulkener,bfaulkener5k@marriott.com,Male,3085933989,01/11/2013
202,Westleigh,Chomiszewski,wchomiszewski5l@mtv.com,Male,7335642373,25/12/2005
203,Sarena,Yakunchikov,syakunchikov5m@globo.com,Female,4602644447,18/11/2003
204,Winifred,Seabrocke,wseabrocke5n@simplemachines.org,Female,7209897092,12/04/2015
205,Selle,Matthewman,smatthewman5o@yellowbook.com,Female,9802312279,07/06/2003
206,Mirella,Dosdill,mdosdill5p@bloomberg.com,Polygender,2955125671,10/08/2000
207,Colene,Shorten,cshorten5q@exblog.jp,Female,5033350341,05/11/2018
208,Marj,Guiduzzi,mguiduzzi5r@netlog.com,Female,6328086574,19/05/2005
209,Pate,Sedwick,psedwick5s@mail.ru,Male,3028191537,01/12/1992
210,Betty,Medeway,bmedeway5t@twitpic.com,Female,4755122649,05/06/2011
211,Nickie,Grigori,ngrigori5u@paypal.com,Male,7582860970,15/04/1997
212,Tally,Lanston,tlanston5v@hostgator.com,Male,4586145640,11/02/2004
213,Abba,Shah,ashah5w@privacy.gov.au,Male,6757715363,28/09/2005
214,Annalee,Strettle,astrettle5x@statcounter.com,Genderqueer,4081813455,23/12/2015
215,Floyd,Burras,fburras5y@vimeo.com,Male,1659129183,17/07/2007
216,Karalee,Leese,kleese5z@scribd.com,Genderqueer,1128587838,17/02/2019
217,Judi,Winslade,jwinslade60@lulu.com,Female,7414000444,26/08/2005
218,Alard,Drewett,adrewett61@bloglovin.com,Male,3906569853,10/09/2006
219,Zora,Shedden,zshedden62@amazon.com,Female,8631816809,01/08/1998
220,Benjamin,Bendley,bbendley63@goodreads.com,Male,2823978247,13/12/2006
221,Torry,Screeton,tscreeton64@illinois.edu,Male,6225958129,27/05/2000
222,Flem,Enos,fenos65@github.io,Male,5651196713,08/03/2003
223,Serena,Nockells,snockells66@vk.com,Female,4327974822,03/06/1991
224,Diego,Dyet,ddyet67@nasa.gov,Genderqueer,1041014272,01/05/2003
225,Benjie,Lazenbury,blazenbury68@mtv.com,Male,1355060122,23/11/2000
226,Dre,Cattini,dcattini69@deliciousdays.com,Female,8296325361,22/04/2008
227,Auria,Matfield,amatfield6a@chronoengine.com,Agender,7315808449,18/10/2009
228,Lulita,Lochhead,llochhead6b@blog.com,Female,1846912233,23/06/1993
229,Stanwood,Dumpleton,sdumpleton6c@senate.gov,Male,7084426858,26/06/1999
230,Kassey,Bartels-Ellis,kbartelsellis6d@geocities.com,Female,5537600332,25/03/2006
231,Mufinella,Deverille,mdeverille6e@instagram.com,Female,1483081922,02/01/2013
232,Chiquia,Fey,cfey6f@biblegateway.com,Female,3204983163,30/09/2015
233,Annalise,Honnicott,ahonnicott6g@cmu.edu,Female,8237465084,20/10/1994
234,Doroteya,Espinola,despinola6h@prlog.org,Female,5293431199,15/11/1990
235,Samuel,de Savery,sdesavery6i@amazonaws.com,Male,4006927843,21/10/1991
236,Tallie,Maypes,tmaypes6j@wired.com,Male,5742953925,30/01/1996
237,Darill,Guinnane,dguinnane6k@soup.io,Male,3919888476,21/03/2010
238,Rubia,Stedman,rstedman6l@theatlantic.com,Female,8353763872,01/04/1997
239,Domingo,Godley,dgodley6m@chronoengine.com,Male,4239186106,28/12/2005
240,Ofella,McCaster,omccaster6n@instagram.com,Female,5856941642,05/10/2001
241,Ethel,Boullen,eboullen6o@sitemeter.com,Female,6547995936,30/08/2001
242,Celle,Rathbourne,crathbourne6p@gravatar.com,Female,2165321857,03/10/1992
243,Agustin,Deans,adeans6q@163.com,Male,2067341727,21/02/1992
244,Wilmette,Spira,wspira6r@noaa.gov,Female,4921554307,16/01/2014
245,Morris,Bonellie,mbonellie6s@telegraph.co.uk,Male,9152566295,21/09/1991
246,Kirsten,Grolmann,kgrolmann6t@wikispaces.com,Female,5259792917,13/06/1993
247,Ives,Marqyes,imarqyes6u@springer.com,Male,7479170676,14/06/1997
248,Waylen,Blemings,wblemings6v@163.com,Male,2066687056,12/10/2017
249,Tedra,Mathey,tmathey6w@domainmarket.com,Female,4528323476,10/08/2008
250,Dianne,Grishunin,dgrishunin6x@deliciousdays.com,Female,9303744806,12/11/2001
251,Holli,Sparshett,hsparshett6y@telegraph.co.uk,Female,9608662494,13/09/2005
252,Quill,Adamthwaite,qadamthwaite6z@fc2.com,Male,8309423927,05/02/2001
253,Kessia,Morkham,kmorkham70@fda.gov,Female,3061118840,27/07/1995
254,Tallou,Langley,tlangley71@xrea.com,Female,2001566536,14/07/1992
255,Halsey,Healing,hhealing72@comcast.net,Male,6617382925,22/08/1998
256,Bobbie,Guiducci,bguiducci73@rakuten.co.jp,Male,9186666410,25/09/1995
257,Pebrook,Zanetto,pzanetto74@prlog.org,Male,8953297866,06/03/2019
258,Meier,Delves,mdelves75@vkontakte.ru,Genderfluid,3854781655,04/09/2010
259,Baldwin,Raffels,braffels76@cyberchimps.com,Male,7396274180,12/12/2014
260,Colan,Volette,cvolette77@blogger.com,Male,7077586823,13/01/2017
261,Madelene,Sudron,msudron78@yelp.com,Female,5105759088,03/01/1993
262,Tamara,FitzGibbon,tfitzgibbon79@squarespace.com,Female,4405138768,28/02/2011
263,Emlen,Byatt,ebyatt7a@123-reg.co.uk,Male,5599572976,17/11/2011
264,Natal,Leades,nleades7b@symantec.com,Male,3916793944,05/06/2011
265,Boy,Burgwin,bburgwin7c@live.com,Male,1323450780,24/03/2017
266,Shirline,Lindenblatt,slindenblatt7d@hostgator.com,Female,7735061237,11/05/2005
267,Gael,Mainson,gmainson7e@theguardian.com,Male,9441753700,09/07/2003
268,Fremont,Ellson,fellson7f@marketwatch.com,Male,6085574685,22/06/2005
269,Oralia,Groom,ogroom7g@cocolog-nifty.com,Female,7288248278,19/03/2006
270,Bernelle,Bibb,bbibb7h@sphinn.com,Female,6514092859,11/12/2003
271,Chantalle,Dubose,cdubose7i@deliciousdays.com,Female,5153317758,02/07/2006
272,Huntington,Maling,hmaling7j@sogou.com,Male,6504246460,17/07/1997
273,Eunice,Warnock,ewarnock7k@tumblr.com,Female,1299453348,13/03/2017
274,Lilla,Keeling,lkeeling7l@mlb.com,Female,5889003266,06/09/1997
275,Kendell,Justice,kjustice7m@opera.com,Male,9626892270,09/09/2013
276,Lindsay,Oldford,loldford7n@cornell.edu,Male,9561644062,16/10/1998
277,Brent,Sherwin,bsherwin7o@shinystat.com,Male,3616119873,27/07/1992
278,Abigail,Allcroft,aallcroft7p@fema.gov,Female,9047200039,23/05/2012
279,Maia,Oultram,moultram7q@bluehost.com,Female,3992830964,15/12/2001
280,Oralle,Scowcraft,oscowcraft7r@nymag.com,Female,7347619365,26/05/1991
281,Winifield,Veljes,wveljes7s@usa.gov,Male,5989883002,07/10/2004
282,Dunc,Gillani,dgillani7t@addtoany.com,Male,9875640717,11/08/2017
283,Star,Bernardinelli,sbernardinelli7u@over-blog.com,Female,2361749760,25/11/2004
284,Terrence,Muirden,tmuirden7v@sbwire.com,Male,1126327514,04/04/2004
285,Alla,Lifsey,alifsey7w@printfriendly.com,Female,4405898638,21/10/2011
286,Kirby,Melendez,kmelendez7x@goo.ne.jp,Male,7123414400,15/09/1993
287,Clarance,Doak,cdoak7y@moonfruit.com,Male,6157786464,11/12/2012
288,Jeddy,Richel,jrichel7z@amazon.co.jp,Genderqueer,6757638480,10/04/1998
289,Marlo,Ennion,mennion80@booking.com,Male,3745160649,21/10/2008
290,Larine,Fosh,lfosh81@yale.edu,Female,4801076746,17/10/1996
291,Sloan,Wyse,swyse82@dropbox.com,Male,6751701398,15/01/1995
292,Parry,Hakewell,phakewell83@sogou.com,Polygender,9177001580,19/03/2019
293,Pet,Shrawley,pshrawley84@about.me,Female,1821424626,10/04/2006
294,Mady,Lauret,mlauret85@csmonitor.com,Female,9516504661,22/10/2017
295,Land,Dufall,ldufall86@smugmug.com,Male,5732852313,06/09/2012
296,Francine,Greydon,fgreydon87@nih.gov,Female,2484338658,05/02/1999
297,Birgit,Swadlinge,bswadlinge88@google.com,Female,4695032777,28/10/2000
298,Vincenty,Lorence,vlorence89@google.ca,Male,4545264128,27/01/2005
299,Fifi,Sheraton,fsheraton8a@creativecommons.org,Female,7928913809,03/03/1994
300,Mechelle,Langsdon,mlangsdon8b@uiuc.edu,Female,4749324466,01/03/2007
301,Monro,Stack,mstack8c@pcworld.com,Male,7513470193,18/11/2017
302,Chane,Castanares,ccastanares8d@reverbnation.com,Male,3864054898,11/11/1994
303,Ondrea,Checo,ocheco8e@paginegialle.it,Female,6162608024,19/08/1992
304,Jonell,Rodolico,jrodolico8f@nyu.edu,Female,9732096439,09/08/1992
305,Risa,Revitt,rrevitt8g@yelp.com,Female,6785466253,07/03/2018
306,Jessamine,Davison,jdavison8h@addthis.com,Female,8988814741,01/03/1994
307,Lyssa,Porrett,lporrett8i@sciencedaily.com,Female,2933593854,27/02/2017
308,Francis,Escala,fescala8j@last.fm,Male,9852207006,28/05/1995
309,Lorin,Philcott,lphilcott8k@narod.ru,Male,9575465937,21/03/2017
310,Rubin,Giacoppo,rgiacoppo8l@symantec.com,Male,9041306063,20/11/2004
311,Guenevere,Rycroft,grycroft8m@ycombinator.com,Female,6272756850,10/02/2004
312,Hieronymus,Seabon,hseabon8n@deliciousdays.com,Male,3077945718,01/05/2013
313,Alice,Shellibeer,ashellibeer8o@google.cn,Female,3533210282,26/12/1994
314,Melanie,O'Fallowne,mofallowne8p@bloomberg.com,Female,4524547197,04/04/2005
315,Kelsey,Borrott,kborrott8q@slideshare.net,Male,1758408668,05/03/1992
316,Robena,Divill,rdivill8r@virginia.edu,Genderqueer,3881477747,29/07/2019
317,Norina,Jakab,njakab8s@digg.com,Female,7947577231,17/10/2011
318,Lulita,Ondra,londra8t@dropbox.com,Female,6827933870,21/02/2016
319,Sam,Negus,snegus8u@facebook.com,Female,6485096540,13/07/1991
320,Balduin,Fall,bfall8v@altervista.org,Male,7864095264,14/10/2016
321,Torey,Fraschini,tfraschini8w@homestead.com,Agender,1676520756,05/06/1999
322,Jobie,Gelardi,jgelardi8x@microsoft.com,Female,9303361494,15/01/2007
323,Amabel,Milward,amilward8y@who.int,Female,8849641573,15/05/2015
324,Mimi,Coiley,mcoiley8z@ycombinator.com,Female,8402964512,10/02/1995
325,Codie,Slinger,cslinger90@flickr.com,Male,4071948130,23/09/2015
326,Yul,Rembaud,yrembaud91@barnesandnoble.com,Male,6143410580,17/03/1997
327,Dorelle,Schulken,dschulken92@answers.com,Female,5513900877,14/07/2008
328,Dennison,Danhel,ddanhel93@technorati.com,Male,2899138533,13/10/2011
329,Mela,Cousens,mcousens94@gnu.org,Female,8531954801,22/08/2014
330,Tripp,Cuseck,tcuseck95@indiegogo.com,Male,5996822162,04/02/2000
331,Leonard,Sprakes,lsprakes96@china.com.cn,Male,5244524534,10/01/1994
332,Krisha,Bartalot,kbartalot97@infoseek.co.jp,Male,8698831372,01/11/2008
333,Ursa,Baytrop,ubaytrop98@washington.edu,Female,4525241336,08/04/2017
334,Luciana,Amoss,lamoss99@tuttocitta.it,Female,8954973506,07/04/2008
335,Zarla,Evanson,zevanson9a@craigslist.org,Female,6863570013,30/11/2013
336,Albert,Prestland,aprestland9b@networksolutions.com,Male,2779677096,20/05/2014
337,Bob,Ormonde,bormonde9c@github.io,Male,5442217118,02/01/1992
338,Salome,Krystek,skrystek9d@ycombinator.com,Female,8016255393,11/03/2004
339,Yovonnda,Cashen,ycashen9e@ted.com,Female,1718860560,13/01/2018
340,Simona,Clew,sclew9f@bandcamp.com,Female,9731854097,06/09/2019
341,Georgianna,Shearmer,gshearmer9g@psu.edu,Female,5647813601,20/03/2015
342,Lawry,Mordey,lmordey9h@slideshare.net,Male,7992798587,22/08/2014
343,Berta,Druhan,bdruhan9i@purevolume.com,Female,8743052526,19/07/1996
344,Phyllys,Hugonnet,phugonnet9j@deviantart.com,Female,6202653826,21/07/1993
345,Sarah,Petrovykh,spetrovykh9k@hugedomains.com,Female,9095428112,19/09/2000
346,Edita,Lutzmann,elutzmann9l@360.cn,Female,3625627084,12/05/1998
347,Diann,Goodbarne,dgoodbarne9m@tamu.edu,Female,1402584218,05/02/2009
348,Terrill,Carbine,tcarbine9n@twitter.com,Male,5834548357,20/01/2007
349,Alayne,McKernon,amckernon9o@de.vu,Female,4919276789,16/08/2014
350,Noelani,Skirling,nskirling9p@nature.com,Female,7605968082,05/02/2011
351,Gisele,Treend,gtreend9q@ucoz.ru,Female,8256572719,28/02/2002
352,Vernice,Woolard,vwoolard9r@unicef.org,Female,8071038306,02/09/2001
353,Franciska,Rhyme,frhyme9s@slideshare.net,Female,3123599227,27/09/1993
354,Kerby,Matley,kmatley9t@tuttocitta.it,Male,9447724970,26/01/2019
355,Tobe,Roy,troy9u@ted.com,Female,4054795214,06/05/2010
356,Brody,Hearley,bhearley9v@wikimedia.org,Male,9038202148,14/09/1992
357,Bellina,Cave,bcave9w@cam.ac.uk,Female,7708401805,05/11/2000
358,Rennie,Lammers,rlammers9x@i2i.jp,Female,5859331052,20/12/1997
359,Purcell,Lenormand,plenormand9y@wufoo.com,Polygender,1996412616,02/07/2000
360,Marcelline,Macias,mmacias9z@oracle.com,Female,4995026860,21/06/1994
361,Annecorinne,Chimenti,achimentia0@jalbum.net,Female,3145745006,17/09/2013
362,Thelma,Danielsky,tdanielskya1@netscape.com,Female,4308573960,01/12/1992
363,Kenna,Moreside,kmoresidea2@fastcompany.com,Female,4258747990,02/09/2014
364,Domenico,Dufaire,ddufairea3@aol.com,Male,4971844795,13/01/2010
365,Corenda,Hasser,chassera4@list-manage.com,Female,9947045395,23/05/2010
366,Bobine,Danielovitch,bdanielovitcha5@creativecommons.org,Female,5981165111,02/09/2002
367,Lorna,Liversedge,lliversedgea6@shutterfly.com,Female,2706457110,08/04/1992
368,Nickolas,Matyushenko,nmatyushenkoa7@acquirethisname.com,Male,2446166057,18/02/2011
369,Othelia,Demchen,odemchena8@paginegialle.it,Female,2476207483,08/12/1999
370,Rob,Sorensen,rsorensena9@twitter.com,Male,7504906994,10/05/1997
371,Gram,Tampling,gtamplingaa@usda.gov,Male,9709603203,08/11/1995
372,Harriet,Ridhole,hridholeab@google.ca,Female,2733478830,11/12/2009
373,Huntington,Plastow,hplastowac@creativecommons.org,Male,3893984389,15/03/2006
374,Storm,Armistead,sarmisteadad@businesswire.com,Female,9877855464,22/10/2003
375,Sean,Pocklington,spocklingtonae@cloudflare.com,Female,1493654980,22/08/1999
376,Filia,Ludgate,fludgateaf@oaic.gov.au,Female,6146101700,26/10/2016
377,Pierrette,Buche,pbucheag@dmoz.org,Female,6969684506,14/04/2005
378,Chic,Rock,crockah@timesonline.co.uk,Male,3861635561,23/04/2014
379,Celestyna,Mounch,cmounchai@irs.gov,Female,9572250076,20/07/2008
380,Mel,Jerrand,mjerrandaj@ning.com,Female,6999202065,03/03/2009
381,Zelma,Hakonsen,zhakonsenak@miitbeian.gov.cn,Female,8734855999,17/05/2008
382,Jamesy,Holtaway,jholtawayal@reddit.com,Male,9011340210,28/05/2017
383,Rolando,Boffey,rboffeyam@goodreads.com,Male,6195986381,04/07/1998
384,Valera,Oliveti,volivetian@imgur.com,Female,6271155290,26/06/1993
385,Rhoda,McIlvenny,rmcilvennyao@pinterest.com,Bigender,8368239092,25/09/1992
386,Fran,Louisot,flouisotap@ox.ac.uk,Female,3585817726,17/11/2014
387,Milli,Dabney,mdabneyaq@nasa.gov,Female,2944203249,11/10/1999
388,Duky,O'Hoolahan,dohoolahanar@blogspot.com,Male,2156534454,16/12/1994
389,Leo,Evenden,levendenas@npr.org,Male,5797374412,31/12/1993
390,Kalil,Doerling,kdoerlingat@blogger.com,Male,5983245958,15/07/1994
391,Terrell,Montel,tmontelau@hp.com,Male,5618033522,29/08/2007
392,Annabal,Woolacott,awoolacottav@over-blog.com,Female,7667063087,25/10/2013
393,Aloin,Hynam,ahynamaw@parallels.com,Male,4404326248,18/11/1995
394,Sterne,Breche,sbrecheax@desdev.cn,Male,6302511751,27/03/2019
395,Flossi,Verralls,fverrallsay@ameblo.jp,Female,2067872985,13/08/2016
396,Gavrielle,Bacchus,gbacchusaz@blogger.com,Female,4804306777,01/05/2011
397,Culley,Mulcaster,cmulcasterb0@un.org,Male,6341175564,19/09/1996
398,Dory,Josefs,djosefsb1@icq.com,Male,4537351482,09/05/1998
399,Malvin,Harler,mharlerb2@oaic.gov.au,Male,4064259756,27/03/2007
400,Othilia,Lewzey,olewzeyb3@icq.com,Female,8149389279,08/08/1999
401,Greggory,Dreschler,gdreschlerb4@youtube.com,Male,5104648075,15/02/2007
402,Gery,Reddings,greddingsb5@wix.com,Male,5606389355,13/12/2000
403,Rafe,Kerswell,rkerswellb6@wp.com,Genderqueer,2647157108,22/07/1991
404,Bail,O'Sullivan,bosullivanb7@cocolog-nifty.com,Male,3874658900,28/09/2008
405,Duffie,Gladwin,dgladwinb8@who.int,Genderqueer,9551091362,01/01/2017
406,Elisha,Danby,edanbyb9@dell.com,Male,9133176986,09/10/1999
407,Morgana,McCalister,mmccalisterba@hibu.com,Female,8932935962,28/08/2019
408,Raoul,Brennenstuhl,rbrennenstuhlbb@php.net,Male,9257693750,01/11/2008
409,Omero,Bastian,obastianbc@wikispaces.com,Male,5156785261,26/01/1992
410,Kaine,Ivanchenkov,kivanchenkovbd@technorati.com,Male,5533059175,13/03/1991
411,Lola,Lindores,llindoresbe@over-blog.com,Female,6509734952,23/01/1997
412,Laurette,Foulkes,lfoulkesbf@tripod.com,Female,6693343613,24/04/2012
413,Xylina,Bernollet,xbernolletbg@stumbleupon.com,Female,6252353513,20/06/1996
414,Glynis,Hebditch,ghebditchbh@toplist.cz,Female,6654232608,18/02/2012
415,Yehudit,Rawson,yrawsonbi@devhub.com,Non-binary,2871068117,13/11/1996
416,Wake,Stiling,wstilingbj@angelfire.com,Male,1193109184,16/11/2000
417,Brynna,Aldham,baldhambk@ycombinator.com,Female,5263517005,11/11/2005
418,Jorie,Rasp,jraspbl@hc360.com,Female,1437670485,03/02/2001
419,Nalani,Naptin,nnaptinbm@harvard.edu,Bigender,1342025119,14/06/1997
420,Tabina,Tolmie,ttolmiebn@gizmodo.com,Female,9164171853,25/05/2004
421,Hastings,Gullivent,hgulliventbo@discuz.net,Male,5684902823,20/12/2006
422,Ermin,Tathacott,etathacottbp@biblegateway.com,Male,3924959139,05/01/2017
423,Arturo,Vivash,avivashbq@topsy.com,Male,2101252360,22/05/2009
424,Nevin,Saban,nsabanbr@census.gov,Male,2655611665,21/11/2011
425,Bar,Babbe,bbabbebs@privacy.gov.au,Male,3184768199,09/09/2010
426,Riannon,Chomicz,rchomiczbt@skyrock.com,Female,1998920834,21/02/2016
427,Averill,Witherbed,awitherbedbu@wired.com,Male,7382327649,10/04/2002
428,Arther,Baly,abalybv@nsw.gov.au,Male,3994462745,11/12/2013
429,Olympia,Cownden,ocowndenbw@pcworld.com,Female,8012473519,29/06/1997
430,Ervin,Haxbie,ehaxbiebx@cbc.ca,Male,1267550933,31/05/1996
431,Reine,St Louis,rstlouisby@amazon.de,Female,3125384953,23/10/2011
432,Jaquelin,Philipsen,jphilipsenbz@istockphoto.com,Female,8023286528,23/05/2009
433,Adey,Plaschke,aplaschkec0@sitemeter.com,Female,8552959967,29/11/2016
434,Erastus,Baudin,ebaudinc1@squidoo.com,Male,9743914077,03/04/1997
435,Orin,Bradnum,obradnumc2@samsung.com,Male,7582659620,21/01/1999
436,Reinald,De Rye Barrett,rderyebarrettc3@irs.gov,Male,1141813386,18/07/2005
437,Glenna,Fellona,gfellonac4@nydailynews.com,Female,3338734745,31/10/2015
438,Brion,Falshaw,bfalshawc5@yandex.ru,Male,1924946687,02/09/2002
439,Melvin,Edden,meddenc6@aboutads.info,Genderqueer,9159525723,08/01/1994
440,Rachel,Bramsen,rbramsenc7@taobao.com,Genderfluid,6672150892,30/06/1991
441,Artur,Paddingdon,apaddingdonc8@exblog.jp,Male,9448757559,17/09/2013
442,Coreen,Watchorn,cwatchornc9@tripod.com,Female,8783939952,17/04/2006
443,Mal,Malatalant,mmalatalantca@admin.ch,Polygender,4103463561,27/09/2007
444,Janos,McKeurton,jmckeurtoncb@redcross.org,Male,4319118823,28/07/2018
445,Maybelle,McVicker,mmcvickercc@pbs.org,Female,8976055150,09/07/2011
446,Osmond,Richly,orichlycd@bbc.co.uk,Male,9544193147,10/10/1999
447,Anstice,Steffens,asteffensce@ameblo.jp,Female,1197118724,23/12/2003
448,Adelina,Molloy,amolloycf@google.com.au,Female,9774141810,15/07/2000
449,Kenyon,Baxill,kbaxillcg@howstuffworks.com,Male,9659879157,12/01/2019
450,Mamie,Batho,mbathoch@naver.com,Genderqueer,4803616436,29/07/1999
451,Coleman,Sturdgess,csturdgessci@wiley.com,Polygender,5481014928,17/12/2012
452,Krystyna,Gloy,kgloycj@woothemes.com,Non-binary,9317324589,28/10/2008
453,Paulie,Hails,phailsck@liveinternet.ru,Male,3885912875,14/07/2001
454,Cal,Tester,ctestercl@hao123.com,Female,4181499086,02/02/2006
455,Inglis,Grinter,igrintercm@netscape.com,Genderqueer,2724559282,06/04/2000
456,Jarvis,Jaye,jjayecn@yahoo.co.jp,Male,5296239284,03/10/1996
457,Corri,Torrisi,ctorrisico@zimbio.com,Female,2079618950,23/11/1993
458,Lammond,Dominguez,ldominguezcp@ebay.co.uk,Male,1363588087,28/12/1998
459,Merwin,Charity,mcharitycq@xrea.com,Polygender,7499927710,07/12/2007
460,Bruno,Dalli,bdallicr@cpanel.net,Male,9144143682,18/04/2009
461,Gibby,Bruyntjes,gbruyntjescs@vk.com,Male,8695543873,25/05/2009
462,Bliss,Elverston,belverstonct@thetimes.co.uk,Female,6484016769,03/07/2007
463,Sherman,Grafom,sgrafomcu@nba.com,Male,2833075660,21/02/2013
464,Denni,Annell,dannellcv@fema.gov,Female,7491337069,29/10/2002
465,Sapphire,Huet,shuetcw@ft.com,Female,4569630975,16/12/2008
466,Liv,Camis,lcamiscx@ftc.gov,Female,6204128199,20/01/2013
467,Claudian,Giovanazzi,cgiovanazzicy@reference.com,Male,9928656427,23/05/1993
468,Kyrstin,Hamber,khambercz@forbes.com,Female,8622976005,02/02/2001
469,Cleopatra,Orro,corrod0@diigo.com,Female,7411037330,15/05/1999
470,Penelopa,Brimicombe,pbrimicombed1@xinhuanet.com,Female,1132372727,28/02/2005
471,Mateo,Bulstrode,mbulstroded2@prlog.org,Male,5713295424,02/05/2010
472,Milton,Barnewille,mbarnewilled3@tmall.com,Male,8626525501,07/07/1992
473,Devina,Lumsdon,dlumsdond4@mapquest.com,Female,4262596165,31/01/1995
474,Katti,Pither,kpitherd5@army.mil,Female,6676852344,05/08/2005
475,Anderson,Howley,ahowleyd6@elpais.com,Polygender,3916190194,11/03/2001
476,Cortie,Gerdts,cgerdtsd7@apache.org,Agender,8224178226,18/09/2019
477,Petronella,De Gregorio,pdegregoriod8@google.co.uk,Female,7653307213,07/06/1993
478,Addia,Yelding,ayeldingd9@reddit.com,Female,3483464739,06/05/2013
479,Levin,Gantzman,lgantzmanda@paypal.com,Male,7659467118,21/10/1992
480,Datha,Vankov,dvankovdb@pcworld.com,Female,7719263922,30/01/1993
481,My,Weatherhogg,mweatherhoggdc@google.ca,Male,1343410242,16/06/2018
482,Alfreda,Slyde,aslydedd@zdnet.com,Female,1277666249,14/11/1999
483,Clea,Learmount,clearmountde@hubpages.com,Female,3355190760,02/08/2018
484,Marylou,Ponter,mponterdf@boston.com,Genderfluid,3945954197,24/09/1993
485,Jakie,Quoit,jquoitdg@privacy.gov.au,Male,7295876412,24/05/1995
486,Loralee,Beushaw,lbeushawdh@google.ca,Female,2856675669,11/05/2003
487,Nickey,Airton,nairtondi@netscape.com,Genderqueer,1329876540,21/04/1999
488,Rustie,Stripling,rstriplingdj@ted.com,Male,6021540846,25/02/2013
489,Mel,St Quenin,mstquenindk@jalbum.net,Male,9942138397,04/10/1995
490,Maridel,Vondrasek,mvondrasekdl@dot.gov,Female,9993516204,29/09/1997
491,Elden,Kenset,ekensetdm@wix.com,Male,4088606833,20/02/1994
492,Gareth,Featley,gfeatleydn@buzzfeed.com,Male,5351615632,09/01/2015
493,Gerome,Satterley,gsatterleydo@springer.com,Male,8532869445,24/01/2006
494,Cathi,Caulcutt,ccaulcuttdp@miitbeian.gov.cn,Female,9519301170,22/11/2015
495,Cherye,Streatfield,cstreatfielddq@tiny.cc,Female,3569156690,16/04/2008
496,Caron,Kezourec,ckezourecdr@discuz.net,Female,9328011919,11/10/1996
497,Cary,Eisold,ceisoldds@tripod.com,Polygender,1761980863,17/06/1994
498,Steffane,Blasiak,sblasiakdt@wikia.com,Genderqueer,4012591843,26/08/1991
499,Lisetta,Chanson,lchansondu@businessweek.com,Female,2964407852,28/07/1991
500,Edin,Coleman,ecolemandv@netvibes.com,Female,7707663073,16/04/2017
501,Sigismondo,Learoid,slearoiddw@fotki.com,Male,7657443436,24/03/2008
502,Reina,Vesty,rvestydx@netvibes.com,Female,1556383060,08/12/1990
503,Tedra,Smithers,tsmithersdy@webmd.com,Female,4919869331,25/02/2011
504,Erny,Braunes,ebraunesdz@imageshack.us,Male,6649516009,13/11/1992
505,Boone,Landeaux,blandeauxe0@linkedin.com,Male,2853816587,05/05/1993
506,Kahlil,Benediktsson,kbenediktssone1@omniture.com,Male,2554814255,22/01/1995
507,Arlette,Alfonsetti,aalfonsettie2@dedecms.com,Polygender,6537057280,17/07/1998
508,Arvy,Saxon,asaxone3@alexa.com,Male,7647759690,15/10/2014
509,Barbe,Boughey,bbougheye4@sohu.com,Polygender,2062545682,30/03/2007
510,Anastassia,Bimson,abimsone5@google.pl,Female,7729108470,29/04/2000
511,Arabele,Disbrey,adisbreye6@blogs.com,Female,8365213691,05/02/2005
512,Warner,Brotherhood,wbrotherhoode7@plala.or.jp,Male,5479099259,29/06/2006
513,Denny,Honeyghan,dhoneyghane8@cam.ac.uk,Male,3585475939,17/02/2012
514,Eddy,Gomer,egomere9@tinypic.com,Male,9605438246,01/05/2016
515,Rene,Vallack,rvallackea@sourceforge.net,Bigender,7749193262,03/08/2001
516,Valenka,Wellwood,vwellwoodeb@nydailynews.com,Female,5594630190,10/11/2010
517,Betsey,Tyne,btyneec@youku.com,Female,1079638176,30/05/1996
518,Normand,Grimmert,ngrimmerted@bloomberg.com,Non-binary,4817994091,16/12/2016
519,Ricoriki,Lindgren,rlindgrenee@usatoday.com,Bigender,4877621855,27/02/2001
520,Kyle,Dennidge,kdennidgeef@livejournal.com,Male,3018380860,09/09/2004
521,Erhard,McIlory,emciloryeg@harvard.edu,Bigender,1637292011,20/10/2013
522,Eileen,Kivlin,ekivlineh@odnoklassniki.ru,Female,8597487457,25/05/2015
523,Dougy,Crummie,dcrummieei@pcworld.com,Male,4034548545,19/08/1997
524,Paola,Behan,pbehanej@google.fr,Female,4182798549,21/11/1999
525,Daffi,Prentice,dprenticeek@ning.com,Bigender,5125642139,16/01/2009
526,Peterus,Purchall,ppurchallel@engadget.com,Male,8491026281,21/05/2000
527,Charo,Richardet,crichardetem@nba.com,Female,2265949557,28/05/1994
528,Bonnee,Burborough,bburboroughen@elpais.com,Bigender,7972522631,06/06/2008
529,Saleem,McCay,smccayeo@jigsy.com,Male,4786886059,11/02/2017
530,Wade,Frosch,wfroschep@gmpg.org,Male,5793007335,30/12/2017
531,Sid,Alsford,salsfordeq@de.vu,Genderqueer,7501616280,24/08/2013
532,Corbie,McErlaine,cmcerlaineer@goodreads.com,Male,6079721114,18/11/1993
533,Legra,Brunroth,lbrunrothes@nba.com,Female,2521227964,08/04/2014
534,Ely,Robelow,erobelowet@marketwatch.com,Non-binary,2515847548,26/05/1994
535,Anastassia,Brayne,abrayneeu@mapy.cz,Female,5926499942,27/01/2000
536,Dottie,Ramshaw,dramshawev@yellowpages.com,Female,5541045333,27/11/2011
537,Tandi,Withinshaw,twithinshawew@hexun.com,Female,3009650424,12/08/2011
538,Kerstin,Brice,kbriceex@typepad.com,Female,7931771260,25/04/2011
539,Kessia,Garlette,kgarletteey@mashable.com,Bigender,6135615275,16/04/2010
540,Dominick,Dorset,ddorsetez@live.com,Male,5863516806,12/07/2004
541,Mirella,Miklem,mmiklemf0@t-online.de,Female,6123730513,14/09/2007
542,Dulcinea,Torritti,dtorrittif1@princeton.edu,Non-binary,8045144231,30/04/1994
543,Victor,Pannaman,vpannamanf2@github.io,Male,1244002444,25/05/1998
544,Sondra,De Bischof,sdebischoff3@answers.com,Female,8047987212,17/07/2003
545,Dael,Tissington,dtissingtonf4@clickbank.net,Male,5993050396,04/09/1995
546,Torey,Keeri,tkeerif5@nyu.edu,Non-binary,1261024889,05/08/2012
547,Adele,Ludgate,aludgatef6@who.int,Female,4928487413,01/03/2014
548,Natale,Sanchis,nsanchisf7@purevolume.com,Male,6263947464,28/02/2009
549,Edgardo,Lavigne,elavignef8@taobao.com,Male,8821333997,02/07/1997
550,Rosemonde,Fright,rfrightf9@amazon.co.uk,Female,3682528416,11/10/2003
551,Aldo,McCallam,amccallamfa@cnbc.com,Male,3843234203,26/10/2003
552,Ulberto,Maxwell,umaxwellfb@ask.com,Male,7561352389,03/11/2011
553,Ly,Wilmore,lwilmorefc@exblog.jp,Male,7053424975,10/09/2013
554,Loren,Van Halen,lvanhalenfd@macromedia.com,Female,6384763635,05/09/2005
555,Ada,Gooder,agooderfe@chron.com,Female,8275001725,15/03/2014
556,Nobie,Jeste,njesteff@ca.gov,Agender,9687182155,19/07/2016
557,Jorgan,Drake,jdrakefg@lulu.com,Male,8997484854,06/11/1997
558,Kin,Treacy,ktreacyfh@discuz.net,Male,2724787461,22/06/2014
559,Sibby,McVittie,smcvittiefi@seattletimes.com,Genderfluid,6834574375,26/12/2005
560,Dick,Foucher,dfoucherfj@vkontakte.ru,Male,3246634679,03/06/1994
561,Hally,Oxenham,hoxenhamfk@washington.edu,Female,2605928767,06/02/2008
562,Leda,Randals,lrandalsfl@usa.gov,Agender,9178590603,11/12/2011
563,Cad,Clinton,cclintonfm@netlog.com,Male,3941877258,25/01/1999
564,Humfried,Shakelady,hshakeladyfn@scientificamerican.com,Male,3957640754,20/05/2019
565,Roxanne,Proughten,rproughtenfo@nytimes.com,Female,1232014182,01/08/2015
566,Dewie,Fleote,dfleotefp@cnbc.com,Male,7091948737,12/03/1993
567,Donnajean,Basilotta,dbasilottafq@free.fr,Female,7828078531,15/01/2008
568,Ronny,Hardinge,rhardingefr@free.fr,Female,7089365384,19/07/1995
569,Quinta,Margach,qmargachfs@youku.com,Female,6461108846,30/10/1997
570,Creigh,Stapels,cstapelsft@imgur.com,Genderfluid,6574904983,27/01/1994
571,Jock,Barefoot,jbarefootfu@sbwire.com,Male,7278646780,13/12/2014
572,Noni,Beavan,nbeavanfv@artisteer.com,Female,2089312108,07/11/2017
573,Emiline,Bees,ebeesfw@t.co,Non-binary,4439600797,28/01/2017
574,Staford,Queen,squeenfx@dedecms.com,Male,6855910702,08/07/2002
575,Hyacinthia,Scanderet,hscanderetfy@ihg.com,Female,6406927328,14/03/2010
576,Anallese,Sweetmore,asweetmorefz@sciencedirect.com,Female,1753303418,05/05/2014
577,Skyler,Ludovico,sludovicog0@sfgate.com,Male,4286629724,05/08/1993
578,Willard,Wroe,wwroeg1@hp.com,Male,1949154858,18/03/2010
579,Cecelia,Parsall,cparsallg2@answers.com,Female,6577113588,29/12/2002
580,Silvain,Dionis,sdionisg3@elpais.com,Male,7585505529,13/12/2010
581,Tonie,Babber,tbabberg4@wp.com,Female,9522592490,12/12/2005
582,Viola,Gilchrest,vgilchrestg5@prweb.com,Female,7931646767,19/04/2002
583,Tadd,Sneesbie,tsneesbieg6@hexun.com,Male,3014185468,30/11/1992
584,Wandis,Mc Meekan,wmcmeekang7@marketwatch.com,Female,2074538925,09/10/2018
585,Yovonnda,Mapstone,ymapstoneg8@buzzfeed.com,Genderqueer,4925588766,27/03/2013
586,Jamill,McAllan,jmcallang9@tripadvisor.com,Male,2894752216,04/06/1992
587,Rosemarie,Barlas,rbarlasga@mtv.com,Female,8517886679,05/04/2010
588,Kip,Guage,kguagegb@typepad.com,Female,7335692027,29/09/2014
589,Belle,Sudworth,bsudworthgc@webs.com,Female,1597878956,21/04/1996
590,Leigh,Minihane,lminihanegd@statcounter.com,Male,4063004486,07/02/2000
591,Atalanta,Wipper,awipperge@elpais.com,Female,2837037577,21/11/2010
592,Trescha,Kubista,tkubistagf@booking.com,Female,3963694635,19/02/2001
593,Carlos,Ritchman,critchmangg@youtu.be,Male,8582746900,29/05/2019
594,June,Chisholme,jchisholmegh@elpais.com,Female,4194768314,30/08/2002
595,Erika,Howgill,ehowgillgi@etsy.com,Female,3775971097,10/02/2014
596,Wilfrid,Jerrome,wjerromegj@jiathis.com,Male,5317007301,11/03/2019
597,Vidovic,Hallums,vhallumsgk@reddit.com,Male,2641115032,31/12/2010
598,Drew,Deverall,ddeverallgl@cdc.gov,Agender,8847876108,16/02/1999
599,Jackqueline,Colcomb,jcolcombgm@paginegialle.it,Female,3461110905,01/07/2017
600,Zahara,Cuming,zcuminggn@ucoz.com,Polygender,8636874490,15/04/2010
601,Boot,Pichmann,bpichmanngo@fc2.com,Male,7222948926,11/08/2016
602,Klemens,Kummerlowe,kkummerlowegp@goo.ne.jp,Male,4592173087,20/04/2018
603,Jasmin,Watling,jwatlinggq@skyrock.com,Female,2095723076,23/09/2008
604,Jsandye,Le Franc,jlefrancgr@shinystat.com,Female,5788170020,23/06/1998
605,Netty,Bigglestone,nbigglestonegs@hibu.com,Bigender,3369704781,23/03/1998
606,Bail,Longworthy,blongworthygt@biblegateway.com,Male,7679006884,03/01/1993
607,Tristam,Stanex,tstanexgu@ucoz.ru,Male,9243205040,07/05/1999
608,Mignon,Broady,mbroadygv@friendfeed.com,Female,3848043957,01/11/1994
609,Gib,Oldroyde,goldroydegw@parallels.com,Male,3919576278,28/09/2011
610,Bernice,Core,bcoregx@harvard.edu,Female,8162740302,06/06/1998
611,Denise,Marcombe,dmarcombegy@fema.gov,Female,1981373039,23/12/2008
612,Anselma,Roelofsen,aroelofsengz@last.fm,Female,6637282620,21/04/2007
613,Lavena,Dowsett,ldowsetth0@dedecms.com,Female,4562749254,29/04/1996
614,Karine,Matous,kmatoush1@arstechnica.com,Female,1621838013,17/10/2019
615,Fabiano,Axtens,faxtensh2@ox.ac.uk,Male,8779110281,15/04/1997
616,Flori,Northwood,fnorthwoodh3@symantec.com,Female,5944789752,21/06/2009
617,Rodolfo,Diviny,rdivinyh4@ameblo.jp,Male,3609155675,09/02/2007
618,Aliza,Josiah,ajosiahh5@ca.gov,Female,8964922122,15/03/2007
619,Monti,Caine,mcaineh6@va.gov,Male,6401125008,10/05/1991
620,Brose,Skryne,bskryneh7@house.gov,Male,1031047868,13/04/2007
621,Danila,McGaughie,dmcgaughieh8@senate.gov,Female,2567976393,12/07/1991
622,Ruthie,Gresch,rgreschh9@wsj.com,Polygender,5303871616,14/01/1992
623,Carrie,Tilston,ctilstonha@dyndns.org,Female,1803631537,25/07/1998
624,Caryl,Lacroix,clacroixhb@constantcontact.com,Male,7618360711,06/06/2008
625,Fleming,Beagen,fbeagenhc@hp.com,Male,3077031149,19/03/1991
626,Renaud,MacKall,rmackallhd@noaa.gov,Male,9142722452,07/01/1992
627,Cortie,Derrington,cderringtonhe@mail.ru,Male,4796298962,15/10/1998
628,Elmore,Chastelain,echastelainhf@wikimedia.org,Male,9974943916,08/12/2005
629,Horace,Capnerhurst,hcapnerhursthg@quantcast.com,Male,6552690822,02/07/2002
630,Ofilia,Doughtery,odoughteryhh@java.com,Female,5301966601,20/03/2014
631,Henka,Lindback,hlindbackhi@ask.com,Female,3113980946,05/04/1998
632,Lillian,Spatari,lspatarihj@deliciousdays.com,Female,3639626839,04/08/2019
633,Lilia,Ranking,lrankinghk@sohu.com,Female,7574459350,12/05/2007
634,Darrin,Pales,dpaleshl@twitpic.com,Male,8031193449,18/05/2005
635,Ginger,Grimmolby,ggrimmolbyhm@edublogs.org,Male,7406949346,29/09/2017
636,Abagail,de Voiels,adevoielshn@hao123.com,Female,9979991845,12/01/2009
637,Konstanze,Borris,kborrisho@hao123.com,Female,2402838776,10/02/1992
638,Lorna,Tetlow,ltetlowhp@instagram.com,Female,2898353355,03/05/2015
639,Caresa,Hargey,chargeyhq@e-recht24.de,Female,7027883823,14/12/2010
640,Geno,Ludl,gludlhr@youtube.com,Male,3009400565,02/06/2008
641,Tobye,Stallibrass,tstallibrasshs@1und1.de,Female,6124137761,27/09/2002
642,Coralie,McOrkil,cmcorkilht@theglobeandmail.com,Female,6506229132,13/01/2016
643,Nicko,De Caville,ndecavillehu@51.la,Agender,5479668305,18/10/2006
644,Hadleigh,Ladds,hladdshv@dedecms.com,Male,3529077695,29/03/2008
645,Izak,Allsup,iallsuphw@xinhuanet.com,Male,2475874038,28/01/2000
646,Calvin,Milmith,cmilmithhx@devhub.com,Male,7551818622,03/01/2007
647,Webb,Antonin,wantoninhy@networkadvertising.org,Male,7628144615,31/12/2000
648,Carmon,Burgoin,cburgoinhz@elegantthemes.com,Female,3459276219,24/04/1993
649,Sebastiano,Sutherden,ssutherdeni0@moonfruit.com,Male,9372382055,22/03/2002
650,Grace,Widdocks,gwiddocksi1@stumbleupon.com,Bigender,3871992496,16/04/2004
651,Gail,Stilldale,gstilldalei2@state.tx.us,Male,1853975013,15/09/2015
652,Patty,Everill,peverilli3@topsy.com,Female,6454112369,24/01/1996
653,Lek,Shemming,lshemmingi4@google.fr,Male,1577371150,20/06/2010
654,Arturo,Coulthart,acoultharti5@timesonline.co.uk,Male,4719848263,19/08/2018
655,Shalom,Mutton,smuttoni6@cocolog-nifty.com,Male,6935492646,22/09/1992
656,Xena,Fazan,xfazani7@goodreads.com,Female,6791676396,10/11/2016
657,Gardie,Devonald,gdevonaldi8@wp.com,Male,4134015522,24/09/1993
658,Augusto,Meagher,ameagheri9@deviantart.com,Male,6462825983,06/01/1997
659,Leodora,Giacoppoli,lgiacoppoliia@reddit.com,Female,8711300399,06/01/2010
660,Wilmer,Clows,wclowsib@google.com,Agender,6333454459,03/04/2007
661,Emlen,Cape,ecapeic@aboutads.info,Male,3803291647,27/08/2005
662,Isa,Simonich,isimonichid@topsy.com,Male,4449675892,28/01/1996
663,Nil,Samart,nsamartie@ftc.gov,Male,8597784900,14/02/2007
664,Burnaby,Rutley,brutleyif@google.com.au,Male,4104307359,26/03/2015
665,Cull,Brimble,cbrimbleig@marriott.com,Male,2401891229,05/09/2009
666,Ernesta,Buttwell,ebuttwellih@w3.org,Genderqueer,1766989626,26/07/2003
667,Carena,Stronghill,cstronghillii@noaa.gov,Female,1646249345,10/06/2002
668,Dara,Kleinstern,dkleinsternij@weibo.com,Female,6704986650,06/12/2016
669,Edmund,Insall,einsallik@wordpress.org,Male,6716576251,18/01/2001
670,Terrijo,Lanegran,tlanegranil@ustream.tv,Female,3232003995,05/05/2008
671,Russ,Treadgear,rtreadgearim@virginia.edu,Male,3606633285,10/02/2002
672,Garner,Pee,gpeein@ebay.co.uk,Male,9331878991,09/11/1992
673,Ulick,MacAndie,umacandieio@godaddy.com,Male,2038138614,21/08/1997
674,Quentin,Bartaloni,qbartaloniip@comsenz.com,Male,5025423679,01/02/1992
675,Dacy,Scathard,dscathardiq@so-net.ne.jp,Female,8611393994,22/06/2018
676,Lanna,Whitebrook,lwhitebrookir@cyberchimps.com,Female,2834076582,25/09/2004
677,Jory,Levene,jleveneis@amazon.co.jp,Male,8761962254,15/01/1997
678,Rhetta,Jeste,rjesteit@cyberchimps.com,Female,8988969524,28/10/2015
679,Murvyn,Moy,mmoyiu@bloglines.com,Male,5893380497,08/11/2007
680,Jammie,Ghiron,jghironiv@yale.edu,Female,6873762442,30/11/2018
681,Phaedra,Yanyushkin,pyanyushkiniw@tinyurl.com,Agender,9403962631,26/07/2011
682,Dael,Rustedge,drustedgeix@ifeng.com,Female,5449150984,04/04/2001
683,Cortney,Lumly,clumlyiy@gnu.org,Female,1569053210,05/09/2007
684,Eileen,Shuker,eshukeriz@dagondesign.com,Female,3442983204,30/06/2000
685,Almeria,Dukesbury,adukesburyj0@wsj.com,Female,5633065405,25/04/2014
686,Ebony,Livoir,elivoirj1@cmu.edu,Female,9157813456,04/09/2016
687,Maud,Ruxton,mruxtonj2@yellowpages.com,Female,5209398983,26/04/2011
688,Alden,Beton,abetonj3@blogs.com,Non-binary,5573014946,16/01/2007
689,Flint,Sergent,fsergentj4@ameblo.jp,Male,4903522554,20/01/2015
690,Gus,Henrys,ghenrysj5@sciencedaily.com,Female,9962258295,20/08/2016
691,Madalena,Hundal,mhundalj6@arizona.edu,Female,6126680650,29/09/2018
692,Etienne,Hunton,ehuntonj7@hibu.com,Male,3219288036,01/05/2007
693,Saunderson,Feltham,sfelthamj8@privacy.gov.au,Male,8441928377,03/01/1996
694,Warner,Ivashechkin,wivashechkinj9@eepurl.com,Male,1221480687,01/09/1997
695,Elvina,Doring,edoringja@cyberchimps.com,Female,9216095947,03/01/2012
696,Lanita,Kenneway,lkennewayjb@theatlantic.com,Female,6111022369,12/01/2009
697,Urson,Whichelow,uwhichelowjc@php.net,Male,2897961017,15/12/2005
698,Tiphani,Aggott,taggottjd@elpais.com,Female,5686146967,02/07/2015
699,Kin,Graveston,kgravestonje@canalblog.com,Male,3772941281,26/02/2011
700,Yolane,Basnall,ybasnalljf@tmall.com,Female,2028436546,07/11/2008
701,Regina,Zanini,rzaninijg@ucsd.edu,Female,7936291777,05/08/2012
702,Lacey,Frensch,lfrenschjh@psu.edu,Female,1826062116,31/08/2000
703,Pierce,La Batie,plabatieji@hibu.com,Male,9736102430,01/07/2015
704,Rivalee,Gillard,rgillardjj@tiny.cc,Female,1791711042,05/06/2004
705,Alexandra,McAree,amcareejk@odnoklassniki.ru,Female,2937696746,14/10/2012
706,Dorry,Emig,demigjl@un.org,Female,7215439128,01/01/1999
707,Adda,Girardot,agirardotjm@flavors.me,Female,9063132688,30/09/2013
708,Sidoney,Duester,sduesterjn@bloglovin.com,Female,7508810155,28/04/1994
709,Edouard,Filippello,efilippellojo@washington.edu,Male,4168807352,08/07/1996
710,Joscelin,Ainscow,jainscowjp@gravatar.com,Female,5335931018,12/03/2009
711,Raychel,Rehm,rrehmjq@chronoengine.com,Female,6022455371,08/08/2000
712,Herminia,Masey,hmaseyjr@reuters.com,Female,3273552833,22/08/2012
713,Amabelle,Gregoire,agregoirejs@photobucket.com,Female,5338656106,19/03/1997
714,Pooh,Loraine,plorainejt@indiatimes.com,Male,6318529265,03/07/2003
715,Lindy,Klossek,lklossekju@seesaa.net,Female,8798056290,15/05/1992
716,Abelard,Conaghan,aconaghanjv@patch.com,Male,3549685152,02/01/1997
717,Wynn,Hussy,whussyjw@furl.net,Female,5818540196,15/11/1994
718,Forester,Whitworth,fwhitworthjx@virginia.edu,Male,4946117680,15/10/2017
719,Kimberly,Gosenell,kgosenelljy@istockphoto.com,Female,7576613982,15/12/1998
720,Iseabal,Tunder,itunderjz@mapquest.com,Genderfluid,2171714069,14/05/2010
721,Othilie,Rubee,orubeek0@miibeian.gov.cn,Female,5692118066,27/05/2007
722,Ailina,Lennox,alennoxk1@cocolog-nifty.com,Polygender,3126715483,16/09/2007
723,Lemar,Spilsburie,lspilsburiek2@go.com,Male,5746324021,22/04/2007
724,Vittoria,Whitehorne,vwhitehornek3@salon.com,Female,7886898795,01/03/1998
725,Davida,Watkiss,dwatkissk4@artisteer.com,Female,2081227146,19/05/1999
726,Jaclyn,Trembath,jtrembathk5@huffingtonpost.com,Female,4349981743,14/01/2018
727,Jasmine,McInteer,jmcinteerk6@google.nl,Female,6109471429,05/06/2001
728,Chery,Surphliss,csurphlissk7@wufoo.com,Female,7674566118,27/02/1991
729,Marieann,Braganza,mbraganzak8@hao123.com,Female,1539614075,03/06/2006
730,Susannah,Creech,screechk9@histats.com,Female,1315398779,21/08/2012
731,Martin,Swatton,mswattonka@lycos.com,Male,2535254905,28/10/1998
732,Zarla,Lawtie,zlawtiekb@fda.gov,Female,9148441843,09/07/1994
733,Nikoletta,Tumayan,ntumayankc@moonfruit.com,Female,5912522721,25/08/1996
734,Karlotta,Ambrogioni,kambrogionikd@histats.com,Female,2705172162,14/06/1999
735,Rivy,Quainton,rquaintonke@sphinn.com,Female,3723189574,06/02/2007
736,Darwin,Vella,dvellakf@dyndns.org,Male,2211222098,20/03/2019
737,Tedi,Hakking,thakkingkg@lulu.com,Agender,5798287950,14/09/1995
738,Gui,Hartigan,ghartigankh@vimeo.com,Female,9971409655,29/07/1996
739,Flem,Daniely,fdanielyki@dot.gov,Male,5448928638,03/12/2010
740,Cassius,Wallicker,cwallickerkj@netlog.com,Male,4643114562,27/07/2001
741,Jordan,Aysik,jaysikkk@canalblog.com,Male,1944508384,06/10/2006
742,Martina,Killby,mkillbykl@histats.com,Female,8665002479,05/09/2017
743,Fredelia,Aggis,faggiskm@smh.com.au,Female,7947664978,15/03/2011
744,Osborn,Stillmann,ostillmannkn@eepurl.com,Male,6984377178,04/12/2004
745,Nathan,Etherton,nethertonko@buzzfeed.com,Male,2879692518,10/09/1994
746,Der,Zorro,dzorrokp@barnesandnoble.com,Male,1776605136,06/02/1991
747,Coleen,Burchett,cburchettkq@statcounter.com,Female,9197634153,23/10/2004
748,Wallas,Eayres,weayreskr@php.net,Male,5785799426,28/08/2019
749,Arri,Jakubski,ajakubskiks@craigslist.org,Male,3356989885,16/02/2018
750,Robyn,Twede,rtwedekt@bravesites.com,Female,9269559860,20/07/1991
751,Farah,Gerhts,fgerhtsku@theatlantic.com,Female,1519348564,05/01/1994
752,Brandi,Bonsall,bbonsallkv@admin.ch,Genderqueer,7879681732,21/02/1995
753,Montgomery,Riddiough,mriddioughkw@blog.com,Male,3065529001,14/10/2017
754,Vittorio,Ramsdale,vramsdalekx@etsy.com,Male,3906792785,25/10/2002
755,Austina,Parmeter,aparmeterky@rakuten.co.jp,Female,9171327107,21/07/2013
756,Caldwell,Corselles,ccorselleskz@china.com.cn,Male,7127286200,27/02/2008
757,Minnie,Ronchi,mronchil0@si.edu,Female,5453048308,25/04/1996
758,Mavra,Rennie,mrenniel1@japanpost.jp,Female,3364511024,18/12/1998
759,Rennie,Culbard,rculbardl2@amazon.co.uk,Female,5748887547,18/09/2012
760,Rachelle,Nuton,rnutonl3@princeton.edu,Female,7578467162,09/10/2012
761,Billy,Dorin,bdorinl4@hostgator.com,Genderfluid,6762351046,09/12/1997
762,Huntlee,Hasnney,hhasnneyl5@ameblo.jp,Male,3296361983,17/04/2010
763,Flemming,Mussen,fmussenl6@typepad.com,Male,8107441986,03/05/2013
764,Hammad,Lymbourne,hlymbournel7@nhs.uk,Male,9753372749,11/08/2017
765,Ebeneser,Athow,eathowl8@issuu.com,Male,8702684967,16/11/2002
766,Feodora,Welsby,fwelsbyl9@php.net,Female,1704816266,24/11/1992
767,Rhoda,Slocombe,rslocombela@foxnews.com,Female,5419804141,26/07/2019
768,Jamal,Dodsley,jdodsleylb@seattletimes.com,Male,4725740061,19/01/2006
769,Monro,Longcake,mlongcakelc@whitehouse.gov,Male,7808875356,05/07/2019
770,Cherri,Waywell,cwaywellld@altervista.org,Bigender,8273972072,17/12/2002
771,Jacquelynn,Gallifont,jgallifontle@ezinearticles.com,Female,3136930633,12/05/1999
772,Alisa,Allwell,aallwelllf@theglobeandmail.com,Female,4564383700,06/04/1997
773,Cristie,Westbrook,cwestbrooklg@cmu.edu,Female,9003299438,21/11/2016
774,Montgomery,Toman,mtomanlh@wikia.com,Male,4594602715,28/08/1992
775,Rebe,Roncelli,rroncellili@flickr.com,Female,4207656539,06/05/1998
776,Lilllie,Omrod,lomrodlj@xing.com,Genderfluid,9472133861,13/11/2001
777,Luca,Scallan,lscallanlk@answers.com,Male,5275404063,31/07/2017
778,Ingamar,Dunbar,idunbarll@tinyurl.com,Male,1993730455,18/05/1991
779,Jany,McPhail,jmcphaillm@sina.com.cn,Female,4381162200,22/02/2006
780,Maury,Camous,mcamousln@washingtonpost.com,Male,9398533412,12/01/1999
781,Corilla,Sterke,csterkelo@vk.com,Female,7558737934,16/03/2017
782,Vanni,Brooke,vbrookelp@ebay.com,Female,2614370356,28/02/1994
783,Janey,Skingle,jskinglelq@wix.com,Female,6935872674,20/01/2002
784,Tybie,Dunne,tdunnelr@shareasale.com,Female,4474045437,13/10/2010
785,Elenore,Edghinn,eedghinnls@jugem.jp,Genderqueer,4451635445,28/11/1998
786,Allianora,Kinnard,akinnardlt@lycos.com,Female,9942125524,01/02/1992
787,Brooks,Daveren,bdaverenlu@cisco.com,Male,6494858214,25/04/1992
788,Lorrie,Grioli,lgriolilv@irs.gov,Female,7421335415,17/05/2000
789,Rochella,Jablonski,rjablonskilw@shop-pro.jp,Female,6828407942,05/05/2011
790,Creigh,Melby,cmelbylx@nationalgeographic.com,Male,9646115355,16/03/1991
791,Nikita,Bennitt,nbennittly@nih.gov,Male,4449432781,10/11/2000
792,Timmy,Lumsden,tlumsdenlz@diigo.com,Male,3006284608,27/05/1999
793,Ekaterina,Larimer,elarimerm0@java.com,Female,8828256768,02/08/2001
794,Daphna,Uebel,duebelm1@time.com,Female,8626127225,28/01/1998
795,Killian,Hinze,khinzem2@joomla.org,Male,1364884749,12/02/2016
796,Nanete,Hawthorne,nhawthornem3@miibeian.gov.cn,Agender,6488455991,29/03/1998
797,Rowland,Walicki,rwalickim4@behance.net,Male,1682869720,27/04/1994
798,Doralyn,Burth,dburthm5@sphinn.com,Female,3497958907,01/04/1996
799,Matti,Flinders,mflindersm6@sakura.ne.jp,Female,5882450484,26/04/1997
800,Ewen,Gullberg,egullbergm7@un.org,Male,1821389552,01/08/2017
801,Ingram,Stilliard,istilliardm8@tamu.edu,Male,1064492045,05/03/2003
802,Killie,Slimm,kslimmm9@ucla.edu,Male,9047040595,24/10/1992
803,Langsdon,Giblin,lgiblinma@xrea.com,Male,1541029067,09/03/2002
804,Chloette,Cashmore,ccashmoremb@boston.com,Female,5115664614,04/11/1999
805,Gabrila,Blasik,gblasikmc@mysql.com,Female,1729196234,20/05/2012
806,Tawnya,Cawthorn,tcawthornmd@netscape.com,Genderfluid,6376374799,05/05/2006
807,Torin,Stallard,tstallardme@si.edu,Male,5668168096,25/02/2005
808,Leyla,Dimmer,ldimmermf@nature.com,Female,7091812374,03/11/2018
809,Keen,Urey,kureymg@live.com,Male,7963239244,09/06/2016
810,Giraldo,Whaymand,gwhaymandmh@imgur.com,Male,7709262678,02/02/2003
811,Bud,Seabrook,bseabrookmi@indiatimes.com,Male,7513056390,01/04/1991
812,Christye,Shalloo,cshalloomj@theatlantic.com,Female,2402455616,06/10/2007
813,Ginger,Sycamore,gsycamoremk@ebay.com,Male,6264316282,18/08/2007
814,Manolo,Bawdon,mbawdonml@shutterfly.com,Male,7526610465,25/04/2010
815,Corbett,Corten,ccortenmm@purevolume.com,Male,1009108305,16/05/1994
816,Stanislas,Forestel,sforestelmn@webmd.com,Polygender,3097750025,27/01/1992
817,Gran,Pargetter,gpargettermo@accuweather.com,Male,5512345562,10/07/2017
818,Chancey,Windows,cwindowsmp@artisteer.com,Male,8035355747,12/11/2005
819,Graeme,Darrow,gdarrowmq@yale.edu,Male,9111561314,17/02/1996
820,Jobyna,Dandy,jdandymr@webs.com,Female,6617496653,26/12/1993
821,Loretta,Treble,ltreblems@princeton.edu,Female,5551446674,13/04/2018
822,Tuckie,Foat,tfoatmt@deviantart.com,Male,4075838361,05/02/1993
823,Catie,Jaffrey,cjaffreymu@yale.edu,Female,4937520688,21/05/2019
824,Gussy,Petry,gpetrymv@hostgator.com,Female,9436570078,28/03/2009
825,Teodor,Grimsdyke,tgrimsdykemw@virginia.edu,Male,8521327122,26/02/1999
826,Alisun,McCormick,amccormickmx@dedecms.com,Female,4269961677,31/10/2004
827,Vitia,Snibson,vsnibsonmy@pinterest.com,Female,8391881885,29/11/2003
828,Bonni,Heikkinen,bheikkinenmz@narod.ru,Female,8592171358,07/08/1993
829,Alexander,Bingley,abingleyn0@fc2.com,Male,6592128818,22/12/2013
830,Garwin,Lancashire,glancashiren1@fda.gov,Male,9894558349,22/01/2017
831,Edsel,Spanton,espantonn2@blogs.com,Male,2338357792,14/04/1994
832,Gawain,Vlach,gvlachn3@psu.edu,Male,6275084881,02/07/2011
833,Harlen,Beggio,hbeggion4@edublogs.org,Male,4475219741,07/03/1991
834,Sim,Gilley,sgilleyn5@cyberchimps.com,Bigender,7309769057,19/01/2002
835,Hewett,Tollemache,htollemachen6@arizona.edu,Male,6607239121,28/11/2016
836,Bobbe,Golding,bgoldingn7@joomla.org,Female,2988214709,18/12/2013
837,Adair,Cranch,acranchn8@w3.org,Male,7199239874,21/04/1991
838,Sibbie,Haseley,shaseleyn9@pen.io,Female,6937370720,26/11/2010
839,Raphaela,Hamby,rhambyna@godaddy.com,Female,1001602408,11/11/2007
840,Fernando,Ream,freamnb@cnn.com,Male,8987762429,14/04/2006
841,Katha,Carney,kcarneync@prlog.org,Bigender,4029797879,05/07/2011
842,Aubry,Acreman,aacremannd@berkeley.edu,Polygender,6538860997,23/06/1997
843,Lane,McElhargy,lmcelhargyne@google.co.jp,Female,3908655415,05/04/2006
844,Thia,MacKill,tmackillnf@ox.ac.uk,Female,5343505706,21/02/2000
845,Allyn,McCurdy,amccurdyng@xrea.com,Female,6016446845,08/09/1999
846,Anne-corinne,Clewlowe,aclewlowenh@reverbnation.com,Female,6255533659,24/12/1995
847,Stefa,Burnard,sburnardni@unc.edu,Female,8108463399,21/03/1995
848,Wallie,Lackie,wlackienj@house.gov,Genderqueer,7952892329,25/10/2002
849,Legra,Dumbare,ldumbarenk@trellian.com,Female,1857547031,17/12/1994
850,Hurley,Sand,hsandnl@reverbnation.com,Male,1736199119,12/09/2006
851,Ichabod,De Simoni,idesimoninm@angelfire.com,Male,6613836819,14/08/1994
852,Saunder,Prue,spruenn@businessinsider.com,Male,6661348972,26/03/2013
853,Dimitry,Schimpke,dschimpkeno@angelfire.com,Male,8068790821,30/03/2009
854,Kathryne,Bazoge,kbazogenp@bluehost.com,Female,1013186438,12/05/2016
855,Mohandas,Genner,mgennernq@live.com,Male,9712447741,02/06/1994
856,Dov,Goding,dgodingnr@e-recht24.de,Male,2133634929,27/11/2009
857,Eran,Baise,ebaisens@marketwatch.com,Female,1008724401,13/02/1992
858,Roderich,Brennon,rbrennonnt@ftc.gov,Male,1536574430,27/03/2013
859,Wynn,Easterbrook,weasterbrooknu@naver.com,Female,9629311613,21/01/1992
860,Heidi,Odeson,hodesonnv@amazon.de,Female,4818577679,24/03/1995
861,Wandie,Minto,wmintonw@ibm.com,Female,5102242264,28/12/1993
862,Tamarah,Josupeit,tjosupeitnx@jiathis.com,Non-binary,4985159222,14/11/2011
863,Lauritz,Backsal,lbacksalny@alexa.com,Male,7167446322,20/05/1992
864,Tann,Burras,tburrasnz@apple.com,Male,5202851884,25/10/2014
865,Anette,Escoffier,aescoffiero0@about.com,Female,1589644964,16/12/1998
866,Malcolm,Phinnessy,mphinnessyo1@phpbb.com,Male,6612036701,18/09/2015
867,Irwin,Eastwell,ieastwello2@blog.com,Male,7101057394,25/08/1994
868,Else,Nasi,enasio3@ehow.com,Female,6735504992,11/12/2002
869,Jammal,McNeish,jmcneisho4@nih.gov,Male,7483006660,13/08/1992
870,Faunie,Tran,ftrano5@microsoft.com,Female,7775608713,29/10/2005
871,Modesta,Eagell,meagello6@dailymail.co.uk,Female,6202742289,02/03/1995
872,Odilia,Dobeson,odobesono7@ow.ly,Female,4137426263,24/03/2014
873,Leonelle,Dods,ldodso8@cdbaby.com,Female,1353987037,01/03/1992
874,Othello,Muat,omuato9@bandcamp.com,Male,6087285698,14/07/1993
875,Mario,Scay,mscayoa@nymag.com,Male,6265959868,13/01/1993
876,Giulio,Shorthill,gshorthillob@google.com.br,Male,6642132299,24/04/1996
877,Mariejeanne,Kibbee,mkibbeeoc@businessweek.com,Female,3341429998,02/09/2009
878,Tades,Leonard,tleonardod@bloglovin.com,Male,6337826821,05/11/1990
879,Paxon,Larratt,plarrattoe@thetimes.co.uk,Male,2593569246,10/11/1998
880,Melina,Gavaghan,mgavaghanof@newsvine.com,Female,9861717107,10/07/2009
881,Isak,Ketley,iketleyog@hc360.com,Male,5391283060,15/12/2017
882,Charmian,Shattock,cshattockoh@mozilla.org,Female,4951249383,08/09/1991
883,Merrill,Wathen,mwathenoi@yellowbook.com,Female,1528693344,16/01/2006
884,Gilbert,Strickett,gstrickettoj@nifty.com,Male,9269403292,07/01/1998
885,Huntington,Barnewille,hbarnewilleok@msu.edu,Male,7275925518,02/09/2005
886,Gabey,Goomes,ggoomesol@cafepress.com,Female,2176629287,30/01/2011
887,Chancey,McNalley,cmcnalleyom@mail.ru,Male,5713655492,21/06/2009
888,Victoir,Scole,vscoleon@behance.net,Male,8396092498,21/05/1998
889,Latashia,Breward,lbrewardoo@e-recht24.de,Female,2324149209,17/11/2001
890,Caitlin,Emtage,cemtageop@oracle.com,Non-binary,9637690186,08/05/2008
891,Mignonne,Chavey,mchaveyoq@unblog.fr,Female,1058958165,17/10/2019
892,Isac,Krabbe,ikrabbeor@gov.uk,Polygender,5456581064,23/05/2003
893,Friederike,Trowbridge,ftrowbridgeos@ucsd.edu,Female,2007357940,15/02/1993
894,Aridatha,Gonnard,agonnardot@drupal.org,Female,4798940260,13/05/2009
895,Logan,Abbatucci,labbatucciou@nydailynews.com,Male,9899318626,11/06/1994
896,Jerrylee,Burton,jburtonov@feedburner.com,Female,6673221700,06/11/2006
897,Avie,Rittmeyer,arittmeyerow@bluehost.com,Female,5495950827,18/06/2009
898,Clarance,Humpatch,chumpatchox@pen.io,Male,7605780436,28/01/2012
899,Brewster,Blagden,bblagdenoy@tamu.edu,Male,7696982796,07/11/2017
900,Magnum,Wilne,mwilneoz@goodreads.com,Male,7026760708,03/01/1998
901,Miriam,Mowatt,mmowattp0@google.co.uk,Female,7624139742,27/09/2000
902,Gareth,Ogley,gogleyp1@usnews.com,Male,9998875916,20/02/2012
903,Sarah,Slack,sslackp2@bluehost.com,Female,1959718262,26/08/2006
904,Maxie,Wallage,mwallagep3@dagondesign.com,Female,5461129965,27/03/2001
905,Kleon,Henningham,khenninghamp4@parallels.com,Male,3559832052,13/05/2019
906,Lyon,Peever,lpeeverp5@sakura.ne.jp,Male,1801486386,11/10/2010
907,Birk,Senogles,bsenoglesp6@webeden.co.uk,Male,4849978507,07/04/1992
908,Karlen,Fahrenbach,kfahrenbachp7@shutterfly.com,Female,6942688464,28/11/2013
909,Evie,Lundberg,elundbergp8@wikipedia.org,Female,3958827250,11/10/2009
910,Blinnie,Ambler,bamblerp9@hp.com,Female,9461068206,03/08/1992
911,Clementina,Pitkethly,cpitkethlypa@shinystat.com,Female,1101654261,04/03/2015
912,Rozina,Bannerman,rbannermanpb@answers.com,Female,1792864388,18/04/1995
913,Kesley,Phant,kphantpc@gravatar.com,Female,6532004408,18/09/1997
914,Feodora,Simoncelli,fsimoncellipd@wikia.com,Agender,1804118558,07/03/2009
915,Jen,Elger,jelgerpe@state.gov,Female,2159025235,06/10/2019
916,Jacinthe,Causon,jcausonpf@tiny.cc,Female,7776119968,09/07/2002
917,Chrissy,Jouhandeau,cjouhandeaupg@sogou.com,Male,1798358525,11/05/1993
918,Cliff,Howchin,chowchinph@comcast.net,Male,7858440429,28/07/2010
919,Charlotte,Bohike,cbohikepi@statcounter.com,Agender,2598402880,28/05/2006
920,Elka,Danilyuk,edanilyukpj@shinystat.com,Female,4552947708,03/02/2013
921,Camila,Corryer,ccorryerpk@twitter.com,Female,6308883178,14/09/1996
922,Inez,Connichie,iconnichiepl@google.es,Female,2698965673,25/03/1998
923,Griswold,De Michetti,gdemichettipm@phpbb.com,Genderfluid,3898281962,12/09/2005
924,Lauralee,Wysome,lwysomepn@apache.org,Female,7698649216,20/04/2005
925,Sky,Kornes,skornespo@wikispaces.com,Male,2996319452,01/02/2011
926,Kamilah,Carvil,kcarvilpp@harvard.edu,Female,9907708063,05/06/2002
927,Marilee,Andreopolos,mandreopolospq@alibaba.com,Female,9409008138,11/04/1994
928,Benjy,Dando,bdandopr@taobao.com,Bigender,2834515297,16/07/1995
929,Nikki,Overstone,noverstoneps@usa.gov,Male,2039830874,20/12/2006
930,Torre,Stollberger,tstollbergerpt@barnesandnoble.com,Male,5111839737,25/04/2018
931,Viva,Brunger,vbrungerpu@china.com.cn,Female,3273373502,29/10/2016
932,Tobin,Linnock,tlinnockpv@whitehouse.gov,Male,6849807131,23/01/2008
933,Lincoln,Kleint,lkleintpw@technorati.com,Male,2026898493,25/02/2008
934,Bernadine,Kingh,bkinghpx@mlb.com,Female,9611330472,23/04/1991
935,Tommy,Jillions,tjillionspy@miitbeian.gov.cn,Female,1668038341,08/05/2004
936,Candi,Ivel,civelpz@bandcamp.com,Female,3772293805,09/01/1992
937,Quinn,Gianneschi,qgianneschiq0@aol.com,Male,3943634862,24/08/2018
938,Leonie,Munkton,lmunktonq1@1688.com,Female,9359885319,18/07/2015
939,Oswell,Schaumaker,oschaumakerq2@blogger.com,Male,1025655844,23/04/2005
940,Amalee,Duerden,aduerdenq3@mayoclinic.com,Bigender,8461643733,13/09/1995
941,Elle,Wigmore,ewigmoreq4@ustream.tv,Female,6004624334,21/11/2010
942,Ashlan,Oxx,aoxxq5@scientificamerican.com,Female,2225257156,30/04/2018
943,Joachim,Foulds,jfouldsq6@e-recht24.de,Male,1548446418,28/10/2011
944,Cord,Eburne,ceburneq7@themeforest.net,Male,4762794058,22/03/2015
945,Debee,Laba,dlabaq8@phpbb.com,Female,8277791247,03/11/1999
946,Felicdad,Curtis,fcurtisq9@home.pl,Genderfluid,9112961655,14/02/2015
947,Levi,Korpal,lkorpalqa@google.ca,Male,6343219956,26/09/1997
948,Kinny,O'Farrell,kofarrellqb@bloomberg.com,Male,6893452843,21/02/2018
949,Kirbee,Palay,kpalayqc@bing.com,Female,7343267631,24/09/2010
950,Demeter,Wesker,dweskerqd@people.com.cn,Bigender,8552827169,07/09/1998
951,Melony,Januszewicz,mjanuszewiczqe@usgs.gov,Female,1215995309,18/07/1998
952,Earvin,Pittem,epittemqf@apache.org,Male,5772894397,30/06/2003
953,Celene,McGraffin,cmcgraffinqg@npr.org,Polygender,4769405603,24/09/2009
954,Lora,Glacken,lglackenqh@rambler.ru,Female,1159475553,08/12/1990
955,Daffie,Catteroll,dcatterollqi@4shared.com,Female,8654354779,21/02/2013
956,Erinn,Chittleburgh,echittleburghqj@ameblo.jp,Female,6184846565,22/02/2000
957,Traver,Cottem,tcottemqk@diigo.com,Male,3055274444,16/07/2016
958,Eileen,Grinley,egrinleyql@ca.gov,Female,9988350933,26/09/1997
959,Amitie,Pic,apicqm@harvard.edu,Genderfluid,2257609459,23/03/1997
960,Emelita,Chaplyn,echaplynqn@ow.ly,Female,6112781973,14/03/2010
961,Annette,Luckett,aluckettqo@free.fr,Female,3463340413,13/02/2013
962,Terrence,Adamski,tadamskiqp@arizona.edu,Male,8421053915,13/01/2002
963,Stefan,Rablen,srablenqq@amazon.co.jp,Male,1766673897,17/02/2007
964,Lilli,Barbrook,lbarbrookqr@taobao.com,Female,8399313238,04/06/2005
965,Aliza,Weinmann,aweinmannqs@nature.com,Female,3538536613,20/09/2010
966,Diann,D' Angelo,ddangeloqt@dmoz.org,Female,1206423966,28/09/1994
967,Gladys,Pattillo,gpattilloqu@aol.com,Female,2189209321,26/11/2006
968,Thaddeus,Iseton,tisetonqv@yahoo.com,Bigender,7435260906,04/10/2011
969,Steven,Wortley,swortleyqw@auda.org.au,Male,2728802238,07/09/2014
970,Filia,Hawker,fhawkerqx@vkontakte.ru,Female,8155168383,18/08/1993
971,Julietta,Valerio,jvalerioqy@nbcnews.com,Female,9977118257,01/06/2012
972,Twila,Sambeck,tsambeckqz@freewebs.com,Female,8477961529,05/12/2014
973,Enoch,Jankowski,ejankowskir0@who.int,Male,5972068064,09/08/2011
974,Ginger,Jurick,gjurickr1@ihg.com,Male,1142694719,20/01/1997
975,Nikolaus,Childrens,nchildrensr2@google.com.br,Male,7647853059,11/11/2017
976,Sheena,Fend,sfendr3@lycos.com,Female,5214905915,25/04/2001
977,Otis,Cino,ocinor4@privacy.gov.au,Male,1589987546,12/01/1991
978,Stephani,Deakin,sdeakinr5@livejournal.com,Female,5057936045,05/11/1997
979,Lauretta,Sheehan,lsheehanr6@hostgator.com,Female,6085041927,12/09/1998
980,Jacinthe,Earngy,jearngyr7@indiegogo.com,Female,8558675661,08/07/2007
981,Adriena,Versey,averseyr8@macromedia.com,Female,2024577828,18/09/1992
982,Mychal,Neno,mnenor9@bluehost.com,Male,1588077529,10/04/1999
983,Malvina,Birkett,mbirkettra@cdc.gov,Non-binary,3698569003,06/12/2002
984,Fayette,Alfonsini,falfonsinirb@nydailynews.com,Female,7563614596,10/10/2004
985,Elijah,Schnieder,eschniederrc@google.co.uk,Male,1028012012,23/04/2002
986,Emmye,Rait,eraitrd@princeton.edu,Female,6086730943,15/05/2011
987,Simon,Landeg,slandegre@dmoz.org,Male,9765904332,27/09/2000
988,Torin,Summerton,tsummertonrf@fastcompany.com,Male,4171574638,15/05/1997
989,Solomon,Whyborne,swhybornerg@toplist.cz,Male,1536087902,25/04/2006
990,Elinor,Domleo,edomleorh@addtoany.com,Female,7362543418,23/06/2018
991,Maynord,Killick,mkillickri@lulu.com,Male,5395620745,10/12/2002
992,Northrup,Coram,ncoramrj@disqus.com,Male,8081981903,13/07/1997
993,Josephina,Shirlaw,jshirlawrk@wordpress.org,Female,2389601381,25/01/2010
994,Desiree,Dorkins,ddorkinsrl@cpanel.net,Genderqueer,4539062036,05/12/2008
995,Annnora,Cawcutt,acawcuttrm@washingtonpost.com,Female,3053918062,30/12/1996
996,Lannie,Dennington,ldenningtonrn@baidu.com,Bigender,5377809078,27/10/2010
997,Pat,Dax,pdaxro@yahoo.com,Female,4519871088,29/01/2004
998,Antonino,Marnes,amarnesrp@geocities.jp,Male,6389154742,23/07/2019
999,Darn,Silversmidt,dsilversmidtrq@ow.ly,Male,5238060331,22/03/1992
1000,Nancee,Gammage,ngammagerr@hugedomains.com,Female,9042570052,23/01/2001
